id,artikul_wb,nazvanie_kratkoe,kategoriya,artikul_prodavca_osnovnoy,alternativnye_nazvaniya,wb,ozon,ym,megamarket,letual,zya,dop_artikuly_1,kod_nomenklatury_zya,dop_artikuly_2,nazvanie_wb_korrektnoe,artikul_yam,nazvanie_yam,ishodnyy_status_kommentariy,poiskovaya_stroka
1,847950992,Баттер SULTAN,Для душа,ButterSultan100,"Body shea butter Баттер для тела с маслом Ши ""Султан"" 100 мл",4640468910792,4640468910792,4640468910792,4640468910792,4640468910792,4640468910792,ButterSultan100,,ButterSultan100,Крем баттер для тела с маслом ши парфюмированный увлажняющий,5194423853,"Крем баттер для тела с маслом ши и шиммером парфюмированный увлажняющий, 100 мл",Нет,"847950992 | Баттер SULTAN | Для душа | ButterSultan100 | Body shea butter Баттер для тела с маслом Ши ""Султан"" 100 мл | Крем баттер для тела с маслом ши парфюмированный увлажняющий | 5194423853 | Крем баттер для тела с маслом ши и шиммером парфюмированный увлажняющий, 100 мл"
2,848314034,Баттер STRAWBERRY,Для душа,ButterStrawberry100,Body shea butter Баттер STRAWBERRY MILKSHAKE 100 мл,4640468910945,4640468910945,4640468910945,4640468910945,4640468910945,4640468910945,ButterStrawberry100,,ButterStrawberry100,Крем баттер для тела с маслом ши парфюмированный увлажняющий,5194775638,"Крем баттер для тела с маслом ши и шиммером парфюмированный увлажняющий, 100 мл",Нет,"848314034 | Баттер STRAWBERRY | Для душа | ButterStrawberry100 | Body shea butter Баттер STRAWBERRY MILKSHAKE 100 мл | Крем баттер для тела с маслом ши парфюмированный увлажняющий | 5194775638 | Крем баттер для тела с маслом ши и шиммером парфюмированный увлажняющий, 100 мл"
3,848585261,Масло для душа,Для душа,ShowerOil250,Shower Oil Масло для душа 250 мл,4640468910808,4640468910808,4640468910808,4640468910808,4640468910808,4640468910808,ShowerOil250,,ShowerOil250,Масло для душа и ванны парфюмированное для сухой кожи,5195206651,"Масло для душа и ванны парфюмированное, увлажняющее для сухой кожи",Нет,"848585261 | Масло для душа | Для душа | ShowerOil250 | Shower Oil Масло для душа 250 мл | Масло для душа и ванны парфюмированное для сухой кожи | 5195206651 | Масло для душа и ванны парфюмированное, увлажняющее для сухой кожи"
4,271713205,"Маска Total Miracle 10 in 1, 50 мл",Домашка,TotalMiracle50,Total Miracle Маска-концентрат 50 мл,4657784320693,4657784320693,4657784320693,4657784320693,4657784320693,4657784320693,TotalMiracle50,99000027783,TotalMiracle50,"JKeratin Total Miracle маска для гладкости волос, 50 мл",103584757743,"JKeratin Total Miracle 10 в 1 маска универсальная для волос, 50 мл",Нет,"271713205 | Маска Total Miracle 10 in 1, 50 мл | Домашка | TotalMiracle50 | Total Miracle Маска-концентрат 50 мл | JKeratin Total Miracle маска для гладкости волос, 50 мл | 103584757743 | JKeratin Total Miracle 10 в 1 маска универсальная для волос, 50 мл"
5,271713206,"Маска Total Miracle 10 in 1, 200 мл",Домашка,TotalMiracle200,Total Miracle Маска-концентрат 200 мл,4657784320648,4657784320648,4657784320648,4657784320648,4657784320648,4657784320648,TotalMiracle200,99000027781,TotalMiracle200,"JKeratin Total Miracle маска для гладкости волос, 200 мл",103584748404,"JKeratin Total Miracle 10 в 1 маска универсальная для волос, 200 мл",Нет,"271713206 | Маска Total Miracle 10 in 1, 200 мл | Домашка | TotalMiracle200 | Total Miracle Маска-концентрат 200 мл | JKeratin Total Miracle маска для гладкости волос, 200 мл | 103584748404 | JKeratin Total Miracle 10 в 1 маска универсальная для волос, 200 мл"
6,,"Маска Total Miracle 10 in 1, 660 мл",Домашка,TotalMiracle_660,"Маска Total Miracle 10 in 1, 660 мл",4640468910877,4640468910877,4640468910877,4640468910877,4640468910877,4640468910877,TotalMiracle_660,,TotalMiracle_660,"JKeratin Total Miracle маска для гладкости волос, 660 мл",4757528152,"JKeratin Total Miracle 10 в 1 маска универсальная для увлажнения и питания волос, 660 мл",Нет,"Маска Total Miracle 10 in 1, 660 мл | Домашка | TotalMiracle_660 | Маска Total Miracle 10 in 1, 660 мл | JKeratin Total Miracle маска для гладкости волос, 660 мл | 4757528152 | JKeratin Total Miracle 10 в 1 маска универсальная для увлажнения и питания волос, 660 мл"
7,287871277,Perfect Ends 50 мл,Shine Edition,PerfectEnds50,Perfect Ends Флюид-масло 50мл.,4657784320754,4657784320754,4657784320754,4657784320754,,,PerfectEnds50,99000036460,PerfectEnds50,JKeratin Perfect Ends масло для секущихся кончиков волос,103648216995,"Perfect Ends масло-флюид для запечатывания поврежденных и секущихся кончиков волос, 50 мл",Нет,"287871277 | Perfect Ends 50 мл | Shine Edition | PerfectEnds50 | Perfect Ends Флюид-масло 50мл. | JKeratin Perfect Ends масло для секущихся кончиков волос | 103648216995 | Perfect Ends масло-флюид для запечатывания поврежденных и секущихся кончиков волос, 50 мл"
8,325157266,Doctor энзимный пилинг-гоммаж,Shine Edition,пилинг_DoctorEnzyme,Doctor энзимный пилинг-гоммаж,4657784320679,4657784320679,4657784320679,4657784320679,4657784320679,4657784320679,пилинг_DoctorEnzyme,,пилинг_DoctorEnzyme,JKeratin Doctor Enzyme пилинг для очищения кожи головы,103779339371,JKeratin Doctor Enzyme энзимный пилинг-гоммаж для волос 150 мл,Нет,325157266 | Doctor энзимный пилинг-гоммаж | Shine Edition | пилинг_DoctorEnzyme | Doctor энзимный пилинг-гоммаж | JKeratin Doctor Enzyme пилинг для очищения кожи головы | 103779339371 | JKeratin Doctor Enzyme энзимный пилинг-гоммаж для волос 150 мл
9,334642114,Total Repair 11в1 Маска-концентрат 200 мл,Shine Edition,TotalRepair200,Total Repair 11в1 Маска-концентрат 200 мл,4657784320785,4657784320785,4657784320785,4657784320785,4657784320785,4657784320785,TotalRepair200,,TotalRepair200,"JKeratin Total Repair маска для вьющихся волос, 200 мл",103779426683,"JKeratin Total Repair маска для вьющихся и кудрявых волос, 200 мл",Нет,"334642114 | Total Repair 11в1 Маска-концентрат 200 мл | Shine Edition | TotalRepair200 | Total Repair 11в1 Маска-концентрат 200 мл | JKeratin Total Repair маска для вьющихся волос, 200 мл | 103779426683 | JKeratin Total Repair маска для вьющихся и кудрявых волос, 200 мл"
10,334644147,Total Repair 11в1 Маска-концентрат 50 мл,Shine Edition,TotalRepair50,Total Repair 11в1 Маска-концентрат 50 мл,4657784320792,4657784320792,4657784320792,4657784320792,4657784320792,4657784320792,TotalRepair50,,TotalRepair50,"JKeratin Total Repair маска для вьющихся волос, 50 мл",103779434157,"JKeratin Total Repair маска для вьющихся и кудрявых волос, 50 мл",Нет,"334644147 | Total Repair 11в1 Маска-концентрат 50 мл | Shine Edition | TotalRepair50 | Total Repair 11в1 Маска-концентрат 50 мл | JKeratin Total Repair маска для вьющихся волос, 50 мл | 103779434157 | JKeratin Total Repair маска для вьющихся и кудрявых волос, 50 мл"
11,340633331,Спрей Ocean Mist 100 мл,Shine Edition,спрей_OceanMist,Спрей Ocean Mist 100 мл,4657784320747,4657784320747,4657784320747,4657784320747,4657784320747,4657784320747,спрей_OceanMist,,спрей_OceanMist,JKeratin Ocean Mist спрей объём и защита волос морская соль,103795754670,Ocean Mist спрей для объёма и термозащиты волос с морской солью 100 мл,Нет,340633331 | Спрей Ocean Mist 100 мл | Shine Edition | спрей_OceanMist | Спрей Ocean Mist 100 мл | JKeratin Ocean Mist спрей объём и защита волос морская соль | 103795754670 | Ocean Mist спрей для объёма и термозащиты волос с морской солью 100 мл
12,342551548,Fly Curls Гель-невидимка для кудрей 100 мл,Shine Edition,Fly_Curls,Fly Curls Гель-невидимка для кудрей 100 мл,4657784320686,4657784320686,4657784320686,4657784320686,4657784320686,4657784320686,Fly_Curls,,Fly_Curls,JKeratin Fly Curls гель для укладки волнистых кудрявых волос,103798582505,Fly Curls гель-невидимка для укладки волнистых и кудрявых волос 100 мл,Нет,342551548 | Fly Curls Гель-невидимка для кудрей 100 мл | Shine Edition | Fly_Curls | Fly Curls Гель-невидимка для кудрей 100 мл | JKeratin Fly Curls гель для укладки волнистых кудрявых волос | 103798582505 | Fly Curls гель-невидимка для укладки волнистых и кудрявых волос 100 мл
13,343919598,Keratin Shine Кератин 150 мл,Shine Edition,Keratin_Shine_150,Keratin Shine Кератин 150 мл,4640468910693,4640468910693,4640468910693,4640468910693,4640468910693,4640468910693,Keratin_Shine_150,,Keratin_Shine_150,JKeratin Keratin Shine кератин для укрепления волос 150 мл,103803378992,Keratin Shine кератин для выпрямления и укрепления волос 150 мл,Нет,343919598 | Keratin Shine Кератин 150 мл | Shine Edition | Keratin_Shine_150 | Keratin Shine Кератин 150 мл | JKeratin Keratin Shine кератин для укрепления волос 150 мл | 103803378992 | Keratin Shine кератин для выпрямления и укрепления волос 150 мл
14,343919597,Keratin Shine Кератин 500 мл,Shine Edition,Keratin_Shine_500,Keratin Shine Кератин 500 мл,4640468910686,4640468910686,4640468910686,4640468910686,4640468910686,4640468910686,Keratin_Shine_500,,Keratin_Shine_500,JKeratin Keratin Shine кератин для укрепления волос 500 мл,103803378993,Keratin Shine кератин для выпрямления и укрепления волос 500 мл,Нет,343919597 | Keratin Shine Кератин 500 мл | Shine Edition | Keratin_Shine_500 | Keratin Shine Кератин 500 мл | JKeratin Keratin Shine кератин для укрепления волос 500 мл | 103803378993 | Keratin Shine кератин для выпрямления и укрепления волос 500 мл
15,351147631,"Набор масок Total Miracle 10 in 1, 10х50 мл",Shine Edition,Total_miracle_50_10шт,"Набор масок Total Miracle 10 in 1, 10х50 мл",2043121075234,2043121075234,2043121075234,2043121075234,2043121075234,2043121075234,Total_miracle_50_10шт,,Total_miracle_50_10шт,"Набор масок для волос Total Miracle 10 in 1, 10 шт по 50 мл",103812234063,"JKeratin Total Miracle 10 в 1 набор масок для увлажнения и питания волос, 10 шт по 50 мл",Нет,"351147631 | Набор масок Total Miracle 10 in 1, 10х50 мл | Shine Edition | Total_miracle_50_10шт | Набор масок Total Miracle 10 in 1, 10х50 мл | Набор масок для волос Total Miracle 10 in 1, 10 шт по 50 мл | 103812234063 | JKeratin Total Miracle 10 в 1 набор масок для увлажнения и питания волос, 10 шт по 50 мл"
16,351125751,"Набор масок Total Miracle 10 in 1, 6х200 мл",Shine Edition,Total_miracle_200_6шт,"Набор масок Total Miracle 10 in 1, 6х200 мл",2043120704999,2043120704999,2043120704999,2043120704999,2043120704999,2043120704999,Total_miracle_200_6шт,,Total_miracle_200_6шт,"Набор масок для волос Total Miracle 10 in 1, 6 шт по 200 мл",103812234062,"JKeratin Total Miracle 10 в 1 набор масок для увлажнения и питания волос, 6 шт по 200 мл",Нет,"351125751 | Набор масок Total Miracle 10 in 1, 6х200 мл | Shine Edition | Total_miracle_200_6шт | Набор масок Total Miracle 10 in 1, 6х200 мл | Набор масок для волос Total Miracle 10 in 1, 6 шт по 200 мл | 103812234062 | JKeratin Total Miracle 10 в 1 набор масок для увлажнения и питания волос, 6 шт по 200 мл"
17,355848613,Silk Hair 12 in 1 спрей-крем для волос 100 мл,Shine Edition,SilkHair_100,Silk Hair 12 in 1 спрей-крем для волос 100 мл,4657784320778,4657784320778,4657784320778,4657784320778,4657784320778,4657784320778,SilkHair_100,,SilkHair_100,"JKeratin Silk Hair 12 in 1 крем-спрей для волос, 100 мл",103813577787,"Silk Hair 12 in 1 крем-спрей для лёгкого расчёсывания и мягкости волос, 100 мл",Нет,"355848613 | Silk Hair 12 in 1 спрей-крем для волос 100 мл | Shine Edition | SilkHair_100 | Silk Hair 12 in 1 спрей-крем для волос 100 мл | JKeratin Silk Hair 12 in 1 крем-спрей для волос, 100 мл | 103813577787 | Silk Hair 12 in 1 крем-спрей для лёгкого расчёсывания и мягкости волос, 100 мл"
18,291824998,Activator S+S туба 60 мл,Активатор,ActivatorS-S60,Activator S+S туба 60 мл,4657784320761,4657784320761,4657784320761,4657784320761,4657784320761,,ActivatorS-S60,,ActivatorS-S60,JKeratin Активатор S+S в кератин восстановление защита волос,103670292501,"Активатор JKeratin S+S для восстановления дисульфидных связей, 60 мл",Нет,"291824998 | Activator S+S туба 60 мл | Активатор | ActivatorS-S60 | Activator S+S туба 60 мл | JKeratin Активатор S+S в кератин восстановление защита волос | 103670292501 | Активатор JKeratin S+S для восстановления дисульфидных связей, 60 мл"
19,271354955,Activator Extra Gloss туба 60 мл,Активатор,ActivatorExtraGloss60,Activator Extra Gloss туба 60 мл,4657784320723,4657784320723,4657784320723,4657784320723,4657784320723,,ActivatorExtraGloss60,,ActivatorExtraGloss60,JKeratin Extra Gloss добавка активатор в кератин для блеска,103579281465,"JKeratin Activator Extra Gloss - средство для термозащиты и блеска волос, 60 мл",Нет,"271354955 | Activator Extra Gloss туба 60 мл | Активатор | ActivatorExtraGloss60 | Activator Extra Gloss туба 60 мл | JKeratin Extra Gloss добавка активатор в кератин для блеска | 103579281465 | JKeratin Activator Extra Gloss - средство для термозащиты и блеска волос, 60 мл"
20,429881559,"7 Seconds Elixir несмываемая маска-филлер для волос, 100 мл",Shine Edition,маска_7Seconds,7 Seconds Elixir Несмываемая маска-филлер для волос 100 мл,4640468910112,4640468910112,4640468910112,4640468910112,4640468910112,4640468910112,маска_7Seconds,99000088389,маска_7Seconds,JKeratin 7 Seconds Elixir несмываемая маска-филлер для волос,4399179207,"Маска-филлер JKERATIN 7 Seconds, несмываемая, восстановление волос, блеск, 100мл",Нет,"429881559 | 7 Seconds Elixir несмываемая маска-филлер для волос, 100 мл | Shine Edition | маска_7Seconds | 7 Seconds Elixir Несмываемая маска-филлер для волос 100 мл | JKeratin 7 Seconds Elixir несмываемая маска-филлер для волос | 4399179207 | Маска-филлер JKERATIN 7 Seconds, несмываемая, восстановление волос, блеск, 100мл"
21,489622006,Curls Secret шампунь для кудрявых и вьющихся волос 250 мл,Shine Edition,шампунь_CurlsSecret,B. DUO Curls Secret шампунь 250 мл для вьющихся и кудрявых волос,4640468910099,4640468910099,4640468910099,4640468910099,4640468910099,4640468910099,шампунь_CurlsSecret,,шампунь_CurlsSecret,JKeratin Curls Secret шампунь для кудрявых и вьющихся волос,4583661210,"Curls Secret шампунь для кудрявых, вьющихся, непослушных волос 250 мл",Нет,"489622006 | Curls Secret шампунь для кудрявых и вьющихся волос 250 мл | Shine Edition | шампунь_CurlsSecret | B. DUO Curls Secret шампунь 250 мл для вьющихся и кудрявых волос | JKeratin Curls Secret шампунь для кудрявых и вьющихся волос | 4583661210 | Curls Secret шампунь для кудрявых, вьющихся, непослушных волос 250 мл"
22,489641029,"Curls Secret кондиционер для кудрявых, вьющихся волос 200 мл",Shine Edition,кондиционер_CurlsSecret,B. DUO Curls Secret кондиционер 200 мл для вьющихся и кудрявых волос,4640468910129,4640468910129,4640468910129,4640468910129,4640468910129,4640468910129,кондиционер_CurlsSecret,,кондиционер_CurlsSecret,JKeratin Curls Secret кондиционер для кудрявых волос,4583700649,Curls Secret кондиционер для кудрявых и вьющихся волос 200 мл,Нет,"489641029 | Curls Secret кондиционер для кудрявых, вьющихся волос 200 мл | Shine Edition | кондиционер_CurlsSecret | B. DUO Curls Secret кондиционер 200 мл для вьющихся и кудрявых волос | JKeratin Curls Secret кондиционер для кудрявых волос | 4583700649 | Curls Secret кондиционер для кудрявых и вьющихся волос 200 мл"
23,528810051,Набор Curls Secret,Shine Edition,набор_CurlsSecret,Набор Curls Secret,4648536625555,4648536625555,4648536625555,4648536625555,4648536625555,4648536625555,набор_CurlsSecret,,набор_CurlsSecret,JKeratin Набор Curls Secret шампунь и кондиционер для кудрявых волос,4647875921,"Набор Curls Secret шампунь и кондиционер для кудрявых, вьющихся волос",Нет,"528810051 | Набор Curls Secret | Shine Edition | набор_CurlsSecret | Набор Curls Secret | JKeratin Набор Curls Secret шампунь и кондиционер для кудрявых волос | 4647875921 | Набор Curls Secret шампунь и кондиционер для кудрявых, вьющихся волос"
24,564040229,Keratin Magic 250 мл шампунь,Shine Edition,шампунь_KeratinMagic,Keratin Magic 250 мл шампунь,4640468910624,4640468910624,4640468910624,4640468910624,4640468910624,4640468910624,шампунь_KeratinMagic,,шампунь_KeratinMagic,JKeratin Keratin Magic шампунь с аминокислотами для волос,,,Нет,564040229 | Keratin Magic 250 мл шампунь | Shine Edition | шампунь_KeratinMagic | Keratin Magic 250 мл шампунь | JKeratin Keratin Magic шампунь с аминокислотами для волос
25,559819726,Keratin Magic 200 мл кондиционер,Shine Edition,кондиционер_KeratinMagic,Keratin Magic 200 мл кондиционер,4640468910617,4640468910617,4640468910617,4640468910617,4640468910617,4640468910617,кондиционер_KeratinMagic,,кондиционер_KeratinMagic,JKeratin кондиционер Keratin Magic аминокислоты для волос,4704088455,"Keratin Magic кондиционер с аминокислотами для разглаживания и восстановления волос, 200 мл",Нет,"559819726 | Keratin Magic 200 мл кондиционер | Shine Edition | кондиционер_KeratinMagic | Keratin Magic 200 мл кондиционер | JKeratin кондиционер Keratin Magic аминокислоты для волос | 4704088455 | Keratin Magic кондиционер с аминокислотами для разглаживания и восстановления волос, 200 мл"
26,600840914,Keratin Magic шампунь + кондиционер,Shine Edition,набор_KeratinMagic,Keratin Magic шампунь + кондиционер,4648536625562,4648536625562,4648536625562,4648536625562,4648536625562,4648536625562,набор_KeratinMagic,,набор_KeratinMagic,JKeratin Набор Keratin Magic шампунь и кондиционер,4751312006,Набор Keratin Magic шампунь и кондиционер с аминокислотами для увлажнения и питания волос,Нет,600840914 | Keratin Magic шампунь + кондиционер | Shine Edition | набор_KeratinMagic | Keratin Magic шампунь + кондиционер | JKeratin Набор Keratin Magic шампунь и кондиционер | 4751312006 | Набор Keratin Magic шампунь и кондиционер с аминокислотами для увлажнения и питания волос
27,624724208,"Набор: 7 Seconds, 3 шт по 15 мл",Shine Edition,набор_7Seconds_3x15,"Набор: 7 Seconds, 3 шт по 15 мл",4648536625586,4648536625586,4648536625586,4648536625586,4648536625586,4648536625586,набор_7Seconds_3x15,,набор_7Seconds_3x15,JKeratin 7 Seconds несмываемая маска-филлер для волос 3х15мл,4770679099,"Набор 7 Seconds Elixir несмываемая маска-филлер для волос, 3х15 мл",Нет,"624724208 | Набор: 7 Seconds, 3 шт по 15 мл | Shine Edition | набор_7Seconds_3x15 | Набор: 7 Seconds, 3 шт по 15 мл | JKeratin 7 Seconds несмываемая маска-филлер для волос 3х15мл | 4770679099 | Набор 7 Seconds Elixir несмываемая маска-филлер для волос, 3х15 мл"
28,649902684,"JKeratin набор масок Total Miracle 10 в 1, 2x50 мл",Shine Edition,набор_TotalMiracle2x50,"JKeratin набор масок Total Miracle 10 в 1, 2x50 мл",2047491588851,2047491588851,2047491588851,,,2047491588851,набор_TotalMiracle2x50,,набор_TotalMiracle2x50,Набор масок JKeratin Total Miracle для мягкости волос 2х50мл,,,Нет,"649902684 | JKeratin набор масок Total Miracle 10 в 1, 2x50 мл | Shine Edition | набор_TotalMiracle2x50 | JKeratin набор масок Total Miracle 10 в 1, 2x50 мл | Набор масок JKeratin Total Miracle для мягкости волос 2х50мл"
29,649823541,"JKeratin набор масок Total Repair 11 в 1, 2х50 мл",Shine Edition,набор_TotalRepair2x50,"JKeratin набор масок Total Repair 11 в 1, 2х50 мл",2047488889862,2047488889862,2047488889862,,,2047488889862,набор_TotalRepair2x50,,набор_TotalRepair2x50,"Набор масок JKeratin Total Repair для вьющихся волос, 2х50мл",,,Нет,"649823541 | JKeratin набор масок Total Repair 11 в 1, 2х50 мл | Shine Edition | набор_TotalRepair2x50 | JKeratin набор масок Total Repair 11 в 1, 2х50 мл | Набор масок JKeratin Total Repair для вьющихся волос, 2х50мл"
30,649961184,"JKeratin набор масок для волос Total Miracle 10 in 1 и Total Repair 11 in 1, 2х50 мл",Shine Edition,TotalMiracle_TotalRepair_2х50,"JKeratin набор масок для волос Total Miracle 10 in 1 и Total Repair 11 in 1, 2х50 мл",2047491715417,2047491715417,2047491715417,,,2047491715417,TotalMiracle_TotalRepair_2х50,,TotalMiracle_TotalRepair_2х50,"Набор масок JKeratin Total Miracle и Total Repair, 2х50 мл",,,Нет,"649961184 | JKeratin набор масок для волос Total Miracle 10 in 1 и Total Repair 11 in 1, 2х50 мл | Shine Edition | TotalMiracle_TotalRepair_2х50 | JKeratin набор масок для волос Total Miracle 10 in 1 и Total Repair 11 in 1, 2х50 мл | Набор масок JKeratin Total Miracle и Total Repair, 2х50 мл"
31,692770010,"шампунь Fresh Up, 250 мл",Shine Edition,шампунь_FreshUp_250,"шампунь Fresh Up, 250 мл",4640468910631,4640468910631,4640468910631,4640468910631,4640468910631,4640468910631,шампунь_FreshUp_250,,шампунь_FreshUp_250,JKeratin Fresh Up шампунь для жирных волос и кожи головы,,,Нет,"692770010 | шампунь Fresh Up, 250 мл | Shine Edition | шампунь_FreshUp_250 | шампунь Fresh Up, 250 мл | JKeratin Fresh Up шампунь для жирных волос и кожи головы"
32,822820038,"Крем для волос J18, 100 мл",Shine Edition,крем_J18,"Крем для волос J18, 100 мл",4640468910785,4640468910785,4640468910785,4640468910785,4640468910785,4640468910785,крем_J18,,крем_J18,JKeratin J18 несмываемый крем маска для волос 18-mea эффект,5137858097,JKeratin J18 несмываемый крем маска для волос с 18-mea эффектом,Нет,"822820038 | Крем для волос J18, 100 мл | Shine Edition | крем_J18 | Крем для волос J18, 100 мл | JKeratin J18 несмываемый крем маска для волос 18-mea эффект | 5137858097 | JKeratin J18 несмываемый крем маска для волос с 18-mea эффектом"
33,895385840,"Шампунь JMan, 250 мл",Shine Edition,JMan_250,"Шампунь JMan, 250 мл",4640468910891,4640468910891,4640468910891,4640468910891,4640468910891,4640468910891,JMan_250,,JMan_250,JKeratin JMan мужской шампунь от перхоти и выпадения волос,5344102904,"JKeratin JMan мужской шампунь укрепляющий от перхоти и выпадения волос с ароматом табак ""Havana"" и ментол, 250 мл",Нет,"895385840 | Шампунь JMan, 250 мл | Shine Edition | JMan_250 | Шампунь JMan, 250 мл | JKeratin JMan мужской шампунь от перхоти и выпадения волос | 5344102904 | JKeratin JMan мужской шампунь укрепляющий от перхоти и выпадения волос с ароматом табак ""Havana"" и ментол, 250 мл"
34,924563741,Silk Hair 12 in 1 спрей-крем для волос 3х15 мл,Shine Edition,набор_SilkHair_3x15,Silk Hair 12 in 1 спрей-крем для волос 3х15 мл,4648536625623,4648536625623,4648536625623,4648536625623,4648536625623,4648536625623,набор_SilkHair_3x15,,набор_SilkHair_3x15,JKeratin Silk Hair несмываемый крем-спрей для волос 3x15мл,5493386154,"Набор Silk Hair 12 in 1 крем-спрей для лёгкого расчёсывания и мягкости волос, 3х15 мл",Нет,"924563741 | Silk Hair 12 in 1 спрей-крем для волос 3х15 мл | Shine Edition | набор_SilkHair_3x15 | Silk Hair 12 in 1 спрей-крем для волос 3х15 мл | JKeratin Silk Hair несмываемый крем-спрей для волос 3x15мл | 5493386154 | Набор Silk Hair 12 in 1 крем-спрей для лёгкого расчёсывания и мягкости волос, 3х15 мл"
35,949564453,Keratin Magic 660 мл шампунь,Shine Edition,Шампунь_KeratinMagic_660,Keratin Magic 660 мл шампунь,4640468910914,4640468910914,4640468910914,4640468910914,4640468910914,4640468910914,Шампунь_KeratinMagic_660,,Шампунь_KeratinMagic_660,JKeratin Keratin Magic шампунь с аминокислотами для волос,5562190216,"Keratin Magic шампунь с аминокислотами для увлажнения и питания волос, 660 мл",Нет,"949564453 | Keratin Magic 660 мл шампунь | Shine Edition | Шампунь_KeratinMagic_660 | Keratin Magic 660 мл шампунь | JKeratin Keratin Magic шампунь с аминокислотами для волос | 5562190216 | Keratin Magic шампунь с аминокислотами для увлажнения и питания волос, 660 мл"
36,949603675,Keratin Magic 660 мл кондиционер,Shine Edition,Кондиционер_KeratinMagic_660,Keratin Magic 660 мл кондиционер,4640468910860,4640468910860,4640468910860,4640468910860,4640468910860,4640468910860,Кондиционер_KeratinMagic_660,,Кондиционер_KeratinMagic_660,JKeratin кондиционер Keratin Magic аминокислоты для волос,5562390676,"Keratin Magic кондиционер с аминокислотами для разглаживания и восстановления волос, 660 мл",Нет,"949603675 | Keratin Magic 660 мл кондиционер | Shine Edition | Кондиционер_KeratinMagic_660 | Keratin Magic 660 мл кондиционер | JKeratin кондиционер Keratin Magic аминокислоты для волос | 5562390676 | Keratin Magic кондиционер с аминокислотами для разглаживания и восстановления волос, 660 мл"
37,943389098,"Rich Blonde маска для осветлённый волос, 200 мл",Shine Edition,RichBlonde200,"Rich Blonde маска для осветлённый волос, 200 мл",4640468910907,4640468910907,4640468910907,4640468910907,4640468910907,4640468910907,RichBlonde200,,RichBlonde200,JKeratin Rich Blonde маска для блонда нейтрализация желтизны,5530667456,"JKeratin маска для блонда Rich Blonde, восстановление, увлажнение, устранение желтизны, 200мл",Нет,"943389098 | Rich Blonde маска для осветлённый волос, 200 мл | Shine Edition | RichBlonde200 | Rich Blonde маска для осветлённый волос, 200 мл | JKeratin Rich Blonde маска для блонда нейтрализация желтизны | 5530667456 | JKeratin маска для блонда Rich Blonde, восстановление, увлажнение, устранение желтизны, 200мл"
38,,"Пептидный филлер для волос, 100 мл",Shine Edition,пептидный_филлер,"Пептидный филлер для волос, 100 мл",4640468910969,4640468910969,4640468910969,4640468910969,4640468910969,4640468910969,пептидный_филлер,,пептидный_филлер,,,,,"Пептидный филлер для волос, 100 мл | Shine Edition | пептидный_филлер | Пептидный филлер для волос, 100 мл"
39,,САШЕ Лайфхак - Набор из 5 шт. 5 х 20 мл.,Холодники Саше Набор,саше5_Protein_HCT_Stable_Amino_Cold,НАБОР САШЕ Лайфхак - НАБОР из 5 шт. 5 х 20 мл.,4657784320433,4657784320433,4657784320433,,4657784320433,4657784320433,саше5_Protein_HCT_Stable_Amino_Cold,,саше5_Protein_HCT_Stable_Amino_Cold,JKeratin саше маски для холодного ухода восстановления волос,102736969170,"Набор саше масок для волос JKeratin для салонных процедур, 5x20 мл",Нет,"САШЕ Лайфхак - Набор из 5 шт. 5 х 20 мл. | Холодники Саше Набор | саше5_Protein_HCT_Stable_Amino_Cold | НАБОР САШЕ Лайфхак - НАБОР из 5 шт. 5 х 20 мл. | JKeratin саше маски для холодного ухода восстановления волос | 102736969170 | Набор саше масок для волос JKeratin для салонных процедур, 5x20 мл"
40,209758175,Саше 6 шт: Amino Base 2 шт Protein Mask 2шт Cold BTX 2 шт,Холодники Саше Набор,саше6_Amino_Protein_ColdBTX,НАБОР САШЕ 6 шт: Amino Base 2 шт Protein Mask 2шт Cold BTX 2 шт,4657784320457,4657784320457,4657784320457,4657784320457,4657784320457,4657784320457,саше6_Amino_Protein_ColdBTX,,саше6_Amino_Protein_ColdBTX,JKeratin саше маски для холодного ухода восстановления волос,102758508899,"Набор масок для волос JKeratin - Protein Mask, Cold BTX и Amino Base, 6x20 мл",Нет,"209758175 | Саше 6 шт: Amino Base 2 шт Protein Mask 2шт Cold BTX 2 шт | Холодники Саше Набор | саше6_Amino_Protein_ColdBTX | НАБОР САШЕ 6 шт: Amino Base 2 шт Protein Mask 2шт Cold BTX 2 шт | JKeratin саше маски для холодного ухода восстановления волос | 102758508899 | Набор масок для волос JKeratin - Protein Mask, Cold BTX и Amino Base, 6x20 мл"
41,209758176,Набор 4 саше-пакета: Amino Base 2 шт. Hair Cuticle Top 2шт,Холодники Саше Набор,саше4_Amino_HairCuticleTop,Набор 4 саше-пакетов: Amino Base 2 шт. + Hair Cuticle Top 2шт.,4657784320440,4657784320440,4657784320440,4657784320440,4657784320440,4657784320440,саше4_Amino_HairCuticleTop,,саше4_Amino_HairCuticleTop,JKeratin саше маски для ухода и восстановления волос,102758508900,"Набор саше масок для волос JKeratin - Amino Base и Hair Cuticle Top, 4x20 мл",Нет,"209758176 | Набор 4 саше-пакета: Amino Base 2 шт. Hair Cuticle Top 2шт | Холодники Саше Набор | саше4_Amino_HairCuticleTop | Набор 4 саше-пакетов: Amino Base 2 шт. + Hair Cuticle Top 2шт. | JKeratin саше маски для ухода и восстановления волос | 102758508900 | Набор саше масок для волос JKeratin - Amino Base и Hair Cuticle Top, 4x20 мл"
42,192497512,НАБОР JWAVE 2*150 мл + STABLE MASK 400 мл,Холодники Набор,JWave_StableMask,НАБОР для Биозавивки JWave+Stable,2039077045056,OZN1315742544,OZN1315742544,,,,JWave_StableMask,,JWave_StableMask,JKeratin набор для биозавивки химическая завивка для волос,,,Нет,192497512 | НАБОР JWAVE 2*150 мл + STABLE MASK 400 мл | Холодники Набор | JWave_StableMask | НАБОР для Биозавивки JWave+Stable | JKeratin набор для биозавивки химическая завивка для волос
43,192497510,НАБОР JWAVE 2*150 мл + STABLE MASK 400 мл + Amino Base,Холодники Набор,JWave_Stable_Amino,НАБОР для бережной Биозавивки JWave+Stable+Amino,2039077045063,OZN1315751352,OZN1315751352,,,,JWave_Stable_Amino,,JWave_Stable_Amino,JKeratin набор для биозавивки химическая завивка для волос,,,Нет,192497510 | НАБОР JWAVE 2*150 мл + STABLE MASK 400 мл + Amino Base | Холодники Набор | JWave_Stable_Amino | НАБОР для бережной Биозавивки JWave+Stable+Amino | JKeratin набор для биозавивки химическая завивка для волос
44,31294920,"Лайф Хак (2*400) Cuticle Top, Amino Base",Холодники Набор,HairCuticleTop_AminoBase2x400,НАБОР AMINO BASE - Подложка 400 мл.+ TOP - Липидная маска 400 мл,4620758271550,4620758271550,4620758271550,4620758271550,4620758271550,4620758271550,HairCuticleTop_AminoBase2x400,,HairCuticleTop_AminoBase2x400,JKeratin Набор для холодного восстановления волос,103196485931,Лайфхак для кератинщика липидная маска Hair Cuticle Top и подложка для кератинового выпрямления Amino Base 2 х 400 мл,Нет,"31294920 | Лайф Хак (2*400) Cuticle Top, Amino Base | Холодники Набор | HairCuticleTop_AminoBase2x400 | НАБОР AMINO BASE - Подложка 400 мл.+ TOP - Липидная маска 400 мл | JKeratin Набор для холодного восстановления волос | 103196485931 | Лайфхак для кератинщика липидная маска Hair Cuticle Top и подложка для кератинового выпрямления Amino Base 2 х 400 мл"
45,192521982,"Лайф Хак (3*400) Protein Mask, Amino Base, COLD BTX",Холодники Набор,ProteinMask_Amino_ColdBTX3x400,"НАБОР многоступенчатой холодной реконструкции Amino, Cold, Protein",2039078149425,2039078149425,2039078149425,2039078149425,2039078149425,2039078149425,ProteinMask_Amino_ColdBTX3x400,,ProteinMask_Amino_ColdBTX3x400,JKeratin Набор для холодного восстановления волос,102572529633,"JKeratin Набор для Холодного восстановления волос: Cold BTX + Protein Mask + Amino Base, 3x400 мл",Нет,"192521982 | Лайф Хак (3*400) Protein Mask, Amino Base, COLD BTX | Холодники Набор | ProteinMask_Amino_ColdBTX3x400 | НАБОР многоступенчатой холодной реконструкции Amino, Cold, Protein | JKeratin Набор для холодного восстановления волос | 102572529633 | JKeratin Набор для Холодного восстановления волос: Cold BTX + Protein Mask + Amino Base, 3x400 мл"
46,230703274,Лайфхак - STABLE MASK - Кислая маска 400 мл + Лайфхак - COLD BTX - Холодный ботокс 400 мл,Холодники Набор,StableMask_ColdBTX2x400,Лайфхак - STABLE MASK - Кислая маска 400 мл + Лайфхак - COLD BTX - Холодный ботокс 400 мл,4657784320600,4657784320600,4657784320600,,4657784320600,4657784320600,StableMask_ColdBTX2x400,,StableMask_ColdBTX2x400,JKeratin Набор для холодного восстановления волос,,,Нет,230703274 | Лайфхак - STABLE MASK - Кислая маска 400 мл + Лайфхак - COLD BTX - Холодный ботокс 400 мл | Холодники Набор | StableMask_ColdBTX2x400 | Лайфхак - STABLE MASK - Кислая маска 400 мл + Лайфхак - COLD BTX - Холодный ботокс 400 мл | JKeratin Набор для холодного восстановления волос
47,230703275,Лайфхак - STABLE MASK - Кислая маска 400 мл + Лайфхак - HAIR CUTICLE TOP - Липидная маска 400 мл,Холодники Набор,StableMask_HairCuticleTop2x400,Лайфхак - STABLE MASK - Кислая маска 400 мл +Лайфхак - HAIR CUTICLE TOP - Липидная маска 400 мл,4657784320617,4657784320617,4657784320617,,4657784320617,4657784320617,StableMask_HairCuticleTop2x400,,StableMask_HairCuticleTop2x400,JKeratin Набор для холодного восстановления волос,,,Нет,230703275 | Лайфхак - STABLE MASK - Кислая маска 400 мл + Лайфхак - HAIR CUTICLE TOP - Липидная маска 400 мл | Холодники Набор | StableMask_HairCuticleTop2x400 | Лайфхак - STABLE MASK - Кислая маска 400 мл +Лайфхак - HAIR CUTICLE TOP - Липидная маска 400 мл | JKeratin Набор для холодного восстановления волос
48,488749258,3*400 NEW: Cold+Amino+Cuticle,Холодники Набор,Amino_HCT_Cold3x400,3*400 NEW: Cold+Amino+Cuticle,2045198182068,2045198182068,2045198182068,2045198182068,2045198182068,2045198182068,Amino_HCT_Cold3x400,,Amino_HCT_Cold3x400,JKeratin Набор для холодного восстановления волос,4657973802,"Набор для холодного восстановления волос: Amino Base + Cold BTX + Hair Cuticle Top, 3х400 мл",Нет,"488749258 | 3*400 NEW: Cold+Amino+Cuticle | Холодники Набор | Amino_HCT_Cold3x400 | 3*400 NEW: Cold+Amino+Cuticle | JKeratin Набор для холодного восстановления волос | 4657973802 | Набор для холодного восстановления волос: Amino Base + Cold BTX + Hair Cuticle Top, 3х400 мл"
49,488539660,2*400 NEW: Cold+Amino,Холодники Набор,Amino_Cold2x400,2*400 NEW: Cold+Amino,2045177346924,2045177346924,2045177346924,2045177346924,2045177346924,2045177346924,Amino_Cold2x400,,Amino_Cold2x400,JKeratin Набор для холодного восстановления волос,4657973801,"Набор для холодного восстановления волос: аминокислотная подложка Amino Base + холодный ботокс Cold BTX, 2х400 мл",Нет,"488539660 | 2*400 NEW: Cold+Amino | Холодники Набор | Amino_Cold2x400 | 2*400 NEW: Cold+Amino | JKeratin Набор для холодного восстановления волос | 4657973801 | Набор для холодного восстановления волос: аминокислотная подложка Amino Base + холодный ботокс Cold BTX, 2х400 мл"
50,29292777,Лайфхак - HAIR CUTICLE TOP - Липидная маска 400 мл,Холодники,HairCuticleTop400,Лайфхак - HAIR CUTICLE TOP - Липидная маска 400 мл,4620758271529,4620758271529,4620758271529,4620758271529,4620758271529,4620758271529,HairCuticleTop400,,HairCuticleTop400,JKeratin Hair Cuticle Top липидная маска подложка 400мл,102143548235,Hair Cuticle Top - липидная маска для глубокого увлажнения и питания волос 400 мл.,Нет,29292777 | Лайфхак - HAIR CUTICLE TOP - Липидная маска 400 мл | Холодники | HairCuticleTop400 | Лайфхак - HAIR CUTICLE TOP - Липидная маска 400 мл | JKeratin Hair Cuticle Top липидная маска подложка 400мл | 102143548235 | Hair Cuticle Top - липидная маска для глубокого увлажнения и питания волос 400 мл.
51,249063615,Лайфхак - HAIR CUTICLE TOP - Липидная маска 150 мл,Холодники,HairCuticleTop150,Туба - HAIR CUTICLE TOP - Липидная маска 150 мл,4657784320563,4657784320563,4657784320563,4657784320563,4657784320563,4657784320563,HairCuticleTop150,99000027784,HairCuticleTop150,JKeratin Hair Cuticle Top липидная маска для волос 150 мл,103305895160,Hair Cuticle Top - липидная маска для глубокого увлажнения и питания волос 150 мл.,Нет,249063615 | Лайфхак - HAIR CUTICLE TOP - Липидная маска 150 мл | Холодники | HairCuticleTop150 | Туба - HAIR CUTICLE TOP - Липидная маска 150 мл | JKeratin Hair Cuticle Top липидная маска для волос 150 мл | 103305895160 | Hair Cuticle Top - липидная маска для глубокого увлажнения и питания волос 150 мл.
52,463537822,Лайфхак - AMINO BASE - Подложка 60 мл.,Холодники,AminoBase60,Лайфхак - AMINO BASE - Подложка 60 мл.,4640468910082,4640468910082,4640468910082,4640468910082,4640468910082,4640468910082,AminoBase60,,AminoBase60,JKeratin Amino Base подложка при выпрямлении волос 60 мл,4522663809,Amino Base Подложка для кератинового выпрямления волос 60 мл,Нет,463537822 | Лайфхак - AMINO BASE - Подложка 60 мл. | Холодники | AminoBase60 | Лайфхак - AMINO BASE - Подложка 60 мл. | JKeratin Amino Base подложка при выпрямлении волос 60 мл | 4522663809 | Amino Base Подложка для кератинового выпрямления волос 60 мл
53,29292720,Лайфхак - AMINO BASE - Подложка 400 мл.,Холодники,AminoBase400,Лайфхак - AMINO BASE - Подложка 400 мл.,4620758271512,4620758271512,4620758271512,4620758271512,4620758271512,4620758271512,AminoBase400,,AminoBase400,JKeratin Amino Base подложка при выпрямлении волос 400 мл,103197635050,"Amino Base – подложка для кератинового выпрямления волос, 400 мл.",Нет,"29292720 | Лайфхак - AMINO BASE - Подложка 400 мл. | Холодники | AminoBase400 | Лайфхак - AMINO BASE - Подложка 400 мл. | JKeratin Amino Base подложка при выпрямлении волос 400 мл | 103197635050 | Amino Base – подложка для кератинового выпрямления волос, 400 мл."
54,64892677,Лайфхак - COLD BTX - Холодный ботокс 400 мл,Холодники,ColdBTX400,Лайфхак - COLD BTX - Холодный ботокс 400 мл,4627149058301,4627149058301,4627149058301,4627149058301,4627149058301,4627149058301,ColdBTX400,,ColdBTX400,JKeratin Холодный ботокс для гладкости волос Cold BTX 400 мл,102141392318,"Cold BTX - холодный ботокс для ламинирования и гладкости волос, 400 мл",Нет,"64892677 | Лайфхак - COLD BTX - Холодный ботокс 400 мл | Холодники | ColdBTX400 | Лайфхак - COLD BTX - Холодный ботокс 400 мл | JKeratin Холодный ботокс для гладкости волос Cold BTX 400 мл | 102141392318 | Cold BTX - холодный ботокс для ламинирования и гладкости волос, 400 мл"
55,247702336,Лайфхак - COLD BTX - Холодный ботокс 150 мл,Холодники,ColdBTX150,Туба - COLD BTX - Холодный ботокс 150 мл,4657784320570,4657784320570,4657784320570,4657784320570,4657784320570,4657784320570,ColdBTX150,99000027782,ColdBTX150,JKeratin Холодный ботокс для гладкости волос Cold BTX 150 мл,103305895159,"Cold BTX - холодный ботокс для ламинирования и гладкости волос, 150 мл",Нет,"247702336 | Лайфхак - COLD BTX - Холодный ботокс 150 мл | Холодники | ColdBTX150 | Туба - COLD BTX - Холодный ботокс 150 мл | JKeratin Холодный ботокс для гладкости волос Cold BTX 150 мл | 103305895159 | Cold BTX - холодный ботокс для ламинирования и гладкости волос, 150 мл"
56,158426138,Лайфхак - STABLE MASK - Кислая маска 400 мл,Холодники,StableMask400,Лайфхак - STABLE MASK - Кислая маска 400 мл,4657784320235,4657784320235,4657784320235,,4657784320235,4657784320235,StableMask400,,StableMask400,JKeratin Stable Mask маска после химической завивки волос,103197635045,"JKeratin маска-стабилизатор для гладкости и шелковистости волос Stable Mask, 400мл",Нет,"158426138 | Лайфхак - STABLE MASK - Кислая маска 400 мл | Холодники | StableMask400 | Лайфхак - STABLE MASK - Кислая маска 400 мл | JKeratin Stable Mask маска после химической завивки волос | 103197635045 | JKeratin маска-стабилизатор для гладкости и шелковистости волос Stable Mask, 400мл"
57,182413164,Лайфхак - PROTEIN MASK - Протеиновая маска 400 мл,Холодники,ProteinMask400,Лайфхак - PROTEIN MASK - Протеиновая маска 400 мл,4657784320303,4657784320303,4657784320303,,4657784320303,4657784320303,ProteinMask400,,ProteinMask400,JKeratin Protein Mask протеиновая маска для волос,103197635047,"JKeratin Protein Mask профессиональная маска для насыщения волос протеинами, 400 мл",Нет,"182413164 | Лайфхак - PROTEIN MASK - Протеиновая маска 400 мл | Холодники | ProteinMask400 | Лайфхак - PROTEIN MASK - Протеиновая маска 400 мл | JKeratin Protein Mask протеиновая маска для волос | 103197635047 | JKeratin Protein Mask профессиональная маска для насыщения волос протеинами, 400 мл"
58,281624986,Лайфхак - PROTEIN MASK - Протеиновая маска 150 мл,Холодники,ProteinMask150,Лайфхак - PROTEIN MASK - Протеиновая маска 150 мл,4657784320730,4657784320730,4657784320730,4657784320730,4657784320730,4657784320730,ProteinMask150,99000036726,ProteinMask150,JKeratin Protein Mask протеиновая маска для волос,103622496683,"JKeratin Protein Mask профессиональная маска для насыщения волос протеинами, 150 мл",Нет,"281624986 | Лайфхак - PROTEIN MASK - Протеиновая маска 150 мл | Холодники | ProteinMask150 | Лайфхак - PROTEIN MASK - Протеиновая маска 150 мл | JKeratin Protein Mask протеиновая маска для волос | 103622496683 | JKeratin Protein Mask профессиональная маска для насыщения волос протеинами, 150 мл"
59,209758166,САШЕ Лайфхак - AMINO BASE - Подложка 20 мл. 3 х 20 мл.,Саше Холодники,саше3_AminoBase,САШЕ - AMINO BASE - Подложка 20 мл.,4657784320426,4657784320426,4657784320426,4657784320426,4657784320426,4657784320426,саше3_AminoBase,,саше3_AminoBase,JKeratin Amino Base маска для кератинового выпрямления 3х20 мл,102736962756,Amino Base Подложка для кератинового выпрямления волос 3х20 мл,Нет,209758166 | САШЕ Лайфхак - AMINO BASE - Подложка 20 мл. 3 х 20 мл. | Саше Холодники | саше3_AminoBase | САШЕ - AMINO BASE - Подложка 20 мл. | JKeratin Amino Base маска для кератинового выпрямления 3х20 мл | 102736962756 | Amino Base Подложка для кератинового выпрямления волос 3х20 мл
60,209758179,САШЕ Лайфхак - COLD BTX - Подложка 20 мл. 3 х 20 мл.,Саше Холодники,саше3_ColdBTX,САШЕ - COLD BTX - холодный ботокс 20 мл.,4657784320419,4657784320419,4657784320419,4657784320419,4657784320419,4657784320419,саше3_ColdBTX,,саше3_ColdBTX,JKeratin Cold BTX холодный ботокс для гладкости волос 3x20мл,102737204406,"JKeratin Cold BTX холодный ботокс для ламинирования, гладкости и восстановления липидного слоя волос 3х20 мл",Нет,"209758179 | САШЕ Лайфхак - COLD BTX - Подложка 20 мл. 3 х 20 мл. | Саше Холодники | саше3_ColdBTX | САШЕ - COLD BTX - холодный ботокс 20 мл. | JKeratin Cold BTX холодный ботокс для гладкости волос 3x20мл | 102737204406 | JKeratin Cold BTX холодный ботокс для ламинирования, гладкости и восстановления липидного слоя волос 3х20 мл"
61,209758164,САШЕ Лайфхак - HAIR CUTICLE TOP - Подложка 20 мл. 3 х 20 мл.,Саше Холодники,саше3_HairCuticleTop,САШЕ - HAIR CUTICLE TOP - липидная маска 20 мл.,4657784320389,4657784320389,4657784320389,4657784320389,4657784320389,4657784320389,саше3_HairCuticleTop,,саше3_HairCuticleTop,JKeratin Hair Cuticle Top липидная маска подложка 3х20 мл,102736962757,Hair Cuticle Top Липидная маска-подложка для глубокого увлажнения и питания волос 3х20 мл,Нет,209758164 | САШЕ Лайфхак - HAIR CUTICLE TOP - Подложка 20 мл. 3 х 20 мл. | Саше Холодники | саше3_HairCuticleTop | САШЕ - HAIR CUTICLE TOP - липидная маска 20 мл. | JKeratin Hair Cuticle Top липидная маска подложка 3х20 мл | 102736962757 | Hair Cuticle Top Липидная маска-подложка для глубокого увлажнения и питания волос 3х20 мл
62,209758161,САШЕ Лайфхак - PROTEIN MASK - Подложка 20 мл. 3 х 20 мл.,Саше Холодники,саше3_ProteinMask,САШЕ - PROTEIN MASK - протеиновая маска 20 мл.,4657784320396,4657784320396,4657784320396,4657784320396,4657784320396,4657784320396,саше3_ProteinMask,,саше3_ProteinMask,JKeratin Protein Mask протеиновая маска для насыщения волос,102738809479,Protein Mask Профессиональное средство для насыщения волос протеинами 3х20 мл,Нет,209758161 | САШЕ Лайфхак - PROTEIN MASK - Подложка 20 мл. 3 х 20 мл. | Саше Холодники | саше3_ProteinMask | САШЕ - PROTEIN MASK - протеиновая маска 20 мл. | JKeratin Protein Mask протеиновая маска для насыщения волос | 102738809479 | Protein Mask Профессиональное средство для насыщения волос протеинами 3х20 мл
63,,САШЕ Лайфхак - STABLE MASK - Подложка 20 мл. 3 х 20 мл.,Саше Холодники,саше3_StableMask,НАБОР САШЕ Лайфхак - STABLE MASK - Подложка 20 мл. 3 х 20 мл.,4657784320402,4657784320402,4657784320402,,4657784320402,4657784320402,саше3_StableMask,,саше3_StableMask,JKeratin Stable Mask маска после химической завивки волос,102740302133,"Stable Mask Профессиональная маска-стабилизатор для завершения процедур, 3х20 мл.",Нет,"САШЕ Лайфхак - STABLE MASK - Подложка 20 мл. 3 х 20 мл. | Саше Холодники | саше3_StableMask | НАБОР САШЕ Лайфхак - STABLE MASK - Подложка 20 мл. 3 х 20 мл. | JKeratin Stable Mask маска после химической завивки волос | 102740302133 | Stable Mask Профессиональная маска-стабилизатор для завершения процедур, 3х20 мл."
64,176043791,JWAVE завивка и нейтрализатор 2*150 мл,Кератин,JWave,JWAVE завивка и нейтрализатор 2*150 мл,4657784320174,4657784320174,4657784320174,,4657784320174,4657784320174,JWave,,JWave,JKeratin JWave биозавивка химическая завивка для волос,103198368944,JWAVE набор для биозавивки волос Эмульсия и Нейтрализатор 2*150 мл,Нет,176043791 | JWAVE завивка и нейтрализатор 2*150 мл | Кератин | JWave | JWAVE завивка и нейтрализатор 2*150 мл | JKeratin JWave биозавивка химическая завивка для волос | 103198368944 | JWAVE набор для биозавивки волос Эмульсия и Нейтрализатор 2*150 мл
65,164456015,Fix Hair базовый Кератин 120 мл,Кератин,FixHair120,Fix Hair базовый Кератин 120 мл,4620758271604,4620758271604,,4620758271604,4620758271604,4620758271604,FixHair120,,FixHair120,JKeratin Fix Hair кератин для выпрямления волос 120 мл,103196485933,"JKeratin Fix Hair кератин для выпрямления всех типов волос, 120 мл",Нет,"164456015 | Fix Hair базовый Кератин 120 мл | Кератин | FixHair120 | Fix Hair базовый Кератин 120 мл | JKeratin Fix Hair кератин для выпрямления волос 120 мл | 103196485933 | JKeratin Fix Hair кератин для выпрямления всех типов волос, 120 мл"
66,29292733,Fix Hair базовый Кератин 500 мл,Кератин,FixHair500,Fix Hair базовый Кератин 500 мл,4620758271598,4620758271598,,4620758271598,4620758271598,4620758271598,FixHair500,,FixHair500,JKeratin Fix Hair кератин для выпрямления волос 500 мл,103196159332,Fix Hair - состав для кератинового выпрямления кудрявых волос с разными видами завитка 500 мл,Нет,29292733 | Fix Hair базовый Кератин 500 мл | Кератин | FixHair500 | Fix Hair базовый Кератин 500 мл | JKeratin Fix Hair кератин для выпрямления волос 500 мл | 103196159332 | Fix Hair - состав для кератинового выпрямления кудрявых волос с разными видами завитка 500 мл
67,31290211,Blonde Plastic Hair Кератин 500 мл,Кератин,PlasticHair500,Blonde Plastic Hair Кератин 500 мл,4620758270890,OZN380173907,4620758270683,4620758270890,4620758270683,4620758270683,PlasticHair500,,PlasticHair500,JKeratin Plastic Hair Blonde кератиновое выпрямление волос,102200853438,"Plastic Hair Blonde профессиональное средство для выпрямления волос, 500мл",Нет,"31290211 | Blonde Plastic Hair Кератин 500 мл | Кератин | PlasticHair500 | Blonde Plastic Hair Кератин 500 мл | JKeratin Plastic Hair Blonde кератиновое выпрямление волос | 102200853438 | Plastic Hair Blonde профессиональное средство для выпрямления волос, 500мл"
68,29292780,Blonde Plastic Hair Кератин 150 мл,Кератин,PlasticHair150,Blonde Plastic Hair Кератин 150 мл,4657784320280,4657784320280,,4657784320280,4657784320280,4657784320280,PlasticHair150,,PlasticHair150,Plastic Hair Blonde кератиновое выпрямление волос 150 мл,102209749588,Plastic Hair cостав для кератинового выпрямления кудрявых волос с мягким завитком 150 мл,Нет,29292780 | Blonde Plastic Hair Кератин 150 мл | Кератин | PlasticHair150 | Blonde Plastic Hair Кератин 150 мл | Plastic Hair Blonde кератиновое выпрямление волос 150 мл | 102209749588 | Plastic Hair cостав для кератинового выпрямления кудрявых волос с мягким завитком 150 мл
69,192578259,"НАБОР Blonde PLASTIC HAIR 500 мл + Extra Gloss, 200 мл",Кератин,PlasticHair500_ExtraGloss200,НАБОР Plastic Hair Blonde+ExtraGloss,2039079575209,OZN1315868743,OZN1315868743,,,,PlasticHair500_ExtraGloss200,,PlasticHair500_ExtraGloss200,Plastic Hair Blonde с термозащитой для блеска волос,,,Нет,"192578259 | НАБОР Blonde PLASTIC HAIR 500 мл + Extra Gloss, 200 мл | Кератин | PlasticHair500_ExtraGloss200 | НАБОР Plastic Hair Blonde+ExtraGloss | Plastic Hair Blonde с термозащитой для блеска волос"
70,31288773,Bixy BotoHair ботокс 2в1 500 мл,Кератин,BotoHair500,Bixy BotoHair ботокс 2в1 500 мл,2003537243009,4620758270737,4620758270737,2003537243009,4620758270737,4620758270737,BotoHair500,,BotoHair500,"JKeratin BotoHair Bixy кератин, ботокс для вьющихся волос",103201615212,BotoHair Bixy ботокс для разглаживания и восстановление волос с сохранением объема у корней 500мл,Нет,"31288773 | Bixy BotoHair ботокс 2в1 500 мл | Кератин | BotoHair500 | Bixy BotoHair ботокс 2в1 500 мл | JKeratin BotoHair Bixy кератин, ботокс для вьющихся волос | 103201615212 | BotoHair Bixy ботокс для разглаживания и восстановление волос с сохранением объема у корней 500мл"
71,43101744,Bixy BotoHair ботокс 2в1 150 мл,Кератин,BotoHair150,Bixy BotoHair ботокс 2в1 150 мл,4657784320273,4657784320273,4657784320273,4657784320273,4657784320273,4657784320273,BotoHair150,,BotoHair150,Botohair Bixy ботокс для выпрямления волнистых волос 150 мл,103201615213,BotoHair Bixy ботокс для разглаживания волос с сохранением объема у корней 150 мл,Нет,43101744 | Bixy BotoHair ботокс 2в1 150 мл | Кератин | BotoHair150 | Bixy BotoHair ботокс 2в1 150 мл | Botohair Bixy ботокс для выпрямления волнистых волос 150 мл | 103201615213 | BotoHair Bixy ботокс для разглаживания волос с сохранением объема у корней 150 мл
72,192581287,"НАБОР Bixy BOTOHAIR 500 мл + Extra Gloss, 200 мл",Кератин,BotoHair500_ExtraGloss200,НАБОР BotoHair+ExtraGloss,2039079654003,OZN1316556167,OZN1316556167,,,,BotoHair500_ExtraGloss200,,BotoHair500_ExtraGloss200,Кератин BotoHair Bixy с термозащитой для блеска волос,,,Нет,"192581287 | НАБОР Bixy BOTOHAIR 500 мл + Extra Gloss, 200 мл | Кератин | BotoHair500_ExtraGloss200 | НАБОР BotoHair+ExtraGloss | Кератин BotoHair Bixy с термозащитой для блеска волос"
73,159742190,Afro JHair Кератин 500 мл,Кератин,JHairAfro500,Afro JHair Кератин 500 мл,2037782925410,4620758271628,4620758271628,,4620758271628,4620758271628,JHairAfro500,,JHairAfro500,"JKeratin JHair Afro кератин, кератиновое выпрямление волос",103201615214,JHair Аfro Кератин - кератиновое выпрямление волос с жестким завитком и афрокудрями 500 мл,Нет,"159742190 | Afro JHair Кератин 500 мл | Кератин | JHairAfro500 | Afro JHair Кератин 500 мл | JKeratin JHair Afro кератин, кератиновое выпрямление волос | 103201615214 | JHair Аfro Кератин - кератиновое выпрямление волос с жестким завитком и афрокудрями 500 мл"
74,71806769,Afro JHair Кератин 150 мл,Кератин,JHairAfro150,Afro JHair Кератин 150 мл,4657784320297,4657784320297,4657784320297,4657784320297,4657784320297,4657784320297,JHairAfro150,,JHairAfro150,JKeratin JHair Afro Кератин - кератиновое выпрямление волос,103201615215,JHair Аfro Кератин - кератиновое выпрямление волос с жестким завитком и афрокудрями 150 мл,Нет,71806769 | Afro JHair Кератин 150 мл | Кератин | JHairAfro150 | Afro JHair Кератин 150 мл | JKeratin JHair Afro Кератин - кератиновое выпрямление волос | 103201615215 | JHair Аfro Кератин - кератиновое выпрямление волос с жестким завитком и афрокудрями 150 мл
75,164596940,Afro JHair Кератин 60 мл,Кератин,JHairAfro60,Afro JHair Кератин 60 мл,4657784320631,4657784320631,4657784320631,,4657784320631,4657784320631,JHairAfro60,,JHairAfro60,JKeratin JHair Afro Кератин - кератиновое выпрямление волос,103295036164,JHair Аfro Кератин - кератиновое выпрямление волос с жестким завитком и афрокудрями 60 мл,Нет,164596940 | Afro JHair Кератин 60 мл | Кератин | JHairAfro60 | Afro JHair Кератин 60 мл | JKeratin JHair Afro Кератин - кератиновое выпрямление волос | 103295036164 | JHair Аfro Кератин - кератиновое выпрямление волос с жестким завитком и афрокудрями 60 мл
76,29292743,Керапластика: Afro JHAIR 150 мл + S+S 200 мл,Кератин,JHairAfro150_S-S200,,,,,,,,JHairAfro150_S-S200,,JHairAfro150_S-S200,Набор JKeratin JHair Afro кератин и активатор для волос S+S,,,Нет,29292743 | Керапластика: Afro JHAIR 150 мл + S+S 200 мл | Кератин | JHairAfro150_S-S200 | Набор JKeratin JHair Afro кератин и активатор для волос S+S
77,,Nanoplastica Кератин 500 мл,Кератин,NanoPlastica_500,Nanoplastica Кератин 500 мл,4648536625173,4648536625173,4648536625173,,4648536625173,4648536625173,NanoPlastica_500,,NanoPlastica_500,JKeratin Nanoplastica нанопластика для выпрямления волос,103196485935,"Кератиновый состав Nanoplastica для выпрямления волос с сохранением объема, 500 мл",Нет,"Nanoplastica Кератин 500 мл | Кератин | NanoPlastica_500 | Nanoplastica Кератин 500 мл | JKeratin Nanoplastica нанопластика для выпрямления волос | 103196485935 | Кератиновый состав Nanoplastica для выпрямления волос с сохранением объема, 500 мл"
78,29292736,Nanoplastica Кератин 150 мл,Кератин,Nanoplastica150,Nanoplastica Кератин 150 мл,4620758270881,4620758270881,4620758270881,,4620758270881,4620758270881,Nanoplastica150,,Nanoplastica150,JKeratin Nanoplastica нанопластика для выпрямления волос,102169703656,"Кератин JKеrаtin для выпрямления и сохранения объема волос, 150 мл",Нет,"29292736 | Nanoplastica Кератин 150 мл | Кератин | Nanoplastica150 | Nanoplastica Кератин 150 мл | JKeratin Nanoplastica нанопластика для выпрямления волос | 102169703656 | Кератин JKеrаtin для выпрямления и сохранения объема волос, 150 мл"
79,,Комплект DUO S.11 + S.12 (шампунь и кондиционер),Домашка набор,набор_S.11_S.12,НАБОР S11 шампунь + S12 кондиционер,4627149058349,4627149058349,4627149058349,4627149058349,4627149058349,4627149058349,набор_S.11_S.12,19000233194,набор_S.11_S.12,JKeratin Шампунь и кондиционер после кератина зеленый,102170599714,Комплекс Universal S.11 и S.12 для ухода за волосами после кератинового выпрямления,Нет,Комплект DUO S.11 + S.12 (шампунь и кондиционер) | Домашка набор | набор_S.11_S.12 | НАБОР S11 шампунь + S12 кондиционер | JKeratin Шампунь и кондиционер после кератина зеленый | 102170599714 | Комплекс Universal S.11 и S.12 для ухода за волосами после кератинового выпрямления
80,,Комплект DUO S.21 + S.22 (шампунь и кондиционер),Домашка набор,набор_S.21_S.22,НАБОР S21 шампунь + S22 кондиционер,4627149058332,OZN492590581,4627149058332,4627149058332,4627149058332,4627149058332,набор_S.21_S.22,19000233195,набор_S.21_S.22,JKeratin Шампунь и кондиционер после кератина фиолетовый,103196477456,Комплекс для ухода за волосами после кератинового выпрямления с нейтрализацией желтизны S.21 и S.22,Нет,Комплект DUO S.21 + S.22 (шампунь и кондиционер) | Домашка набор | набор_S.21_S.22 | НАБОР S21 шампунь + S22 кондиционер | JKeratin Шампунь и кондиционер после кератина фиолетовый | 103196477456 | Комплекс для ухода за волосами после кератинового выпрямления с нейтрализацией желтизны S.21 и S.22
81,166090087,Комплект COLOR (шампунь и кондиционер),Домашка набор,набор_Color,НАБОР Color шампунь 250 + Color кондиционер 200 мл,4657784320198,4657784320198,4657784320198,4657784320198,4657784320198,4657784320198,набор_Color,19000233193,набор_Color,JKeratin Шампунь и кондиционер для окрашенных волос Color,102148294219,Набор JKeratin: Шампунь и кондиционер для окрашенных волос Color,Нет,166090087 | Комплект COLOR (шампунь и кондиционер) | Домашка набор | набор_Color | НАБОР Color шампунь 250 + Color кондиционер 200 мл | JKeratin Шампунь и кондиционер для окрашенных волос Color | 102148294219 | Набор JKeratin: Шампунь и кондиционер для окрашенных волос Color
82,170414012,KNOT + Anti-frizz,Домашка набор,набор_AntiFrizz_Knot,НАБОР ANTI-FRIZZ кондиционер 200 мл+ KNOT шампунь 250 мл,4657784320334,4657784320334,4657784320334,,4657784320334,4657784320334,набор_AntiFrizz_Knot,,набор_AntiFrizz_Knot,JKeratin кондиционер и шампунь для разглаживания волос,103197623437,Шампунь и Кондиционер для волос легкое расчесывание и разглаживание,Нет,170414012 | KNOT + Anti-frizz | Домашка набор | набор_AntiFrizz_Knot | НАБОР ANTI-FRIZZ кондиционер 200 мл+ KNOT шампунь 250 мл | JKeratin кондиционер и шампунь для разглаживания волос | 103197623437 | Шампунь и Кондиционер для волос легкое расчесывание и разглаживание
83,165412248,DOCTOR (шампунь-скраб 150 мл + маска 200 мл),Домашка набор,набор_Doctor,НАБОР DOCTOR Шампунь-скраб 150 мл+ DOCTOR Маска 200 мл,4657784320327,4657784320327,4657784320327,,4657784320327,4657784320327,набор_Doctor,,набор_Doctor,JKeratin Doctor шампунь-скраб и маска для волос,102050861943,Набор JKeratin Doctor Scrab & Nutrition шампунь-скраб и маска для волос,Нет,165412248 | DOCTOR (шампунь-скраб 150 мл + маска 200 мл) | Домашка набор | набор_Doctor | НАБОР DOCTOR Шампунь-скраб 150 мл+ DOCTOR Маска 200 мл | JKeratin Doctor шампунь-скраб и маска для волос | 102050861943 | Набор JKeratin Doctor Scrab & Nutrition шампунь-скраб и маска для волос
84,,S.11 шампунь 250 мл,Домашка,шампунь_S.11,S11 universal шампунь 250 мл после кератинового выпрямления,4657784320341,4657784320341,4657784320341,4657784320341,4657784320341,4657784320341,шампунь_S.11,19000233219,шампунь_S.11,JKeratin S.11 шампунь для волос после кератина,103197623436,"Шампунь S.11 Universal для домашнего ежедневного ухода за волосами после кератинового выпрямления, ботокса (250 мл)",Нет,"S.11 шампунь 250 мл | Домашка | шампунь_S.11 | S11 universal шампунь 250 мл после кератинового выпрямления | JKeratin S.11 шампунь для волос после кератина | 103197623436 | Шампунь S.11 Universal для домашнего ежедневного ухода за волосами после кератинового выпрямления, ботокса (250 мл)"
85,76457235,S12 кондиционер 200 мл после кератинового выпрямления,Домашка,кондиционер_S.12,S12 universal кондиционер 200 мл после кератинового выпрямления,4657784320358,4657784320358,4657784320358,4657784320358,4657784320358,4657784320358,кондиционер_S.12,19000233167,кондиционер_S.12,JKeratin кондиционер для волос S.12 уход после кератина,102143201453,"Кондиционер S.12 Universal для домашнего ежедневного ухода за волосами после кератинового выпрямления, ботокса (200 мл)",Нет,"76457235 | S12 кондиционер 200 мл после кератинового выпрямления | Домашка | кондиционер_S.12 | S12 universal кондиционер 200 мл после кератинового выпрямления | JKeratin кондиционер для волос S.12 уход после кератина | 102143201453 | Кондиционер S.12 Universal для домашнего ежедневного ухода за волосами после кератинового выпрямления, ботокса (200 мл)"
86,76453832,S21 шампунь 250 мл. для осветленных волос,Домашка,шампунь_S.21,S21 шампунь 250 мл. для осветленных волос,2029620620625,OZN560260236,OZN560260236,2029620620625,2029620620625,2029620620625,шампунь_S.21,19000233220,шампунь_S.21,JKeratin шампунь для волос S.21 для нейтрализации желтизны,103196480501,Шампунь для домашнего ухода за волосами после кератинового выпрямления с нейтрализацией желтизны S.21 (250 мл),Нет,76453832 | S21 шампунь 250 мл. для осветленных волос | Домашка | шампунь_S.21 | S21 шампунь 250 мл. для осветленных волос | JKeratin шампунь для волос S.21 для нейтрализации желтизны | 103196480501 | Шампунь для домашнего ухода за волосами после кератинового выпрямления с нейтрализацией желтизны S.21 (250 мл)
87,,S22 кондиционер 200 мл. для осветленных волос,Домашка,кондиционер_S.22,S22 кондиционер 200 мл. для осветленных волос,2029621006626,4657784320372,OZN560265617,2029621006626,2029621006626,2029621006626,кондиционер_S.22,19000233168,кондиционер_S.22,JKeratin кондиционер для волос S.22 нейтрализация желтизны,101728881307,Кондиционер для домашнего ухода за волосами после кератинового выпрямления с нейтрализацией желтизны S.22 (200 мл),Нет,S22 кондиционер 200 мл. для осветленных волос | Домашка | кондиционер_S.22 | S22 кондиционер 200 мл. для осветленных волос | JKeratin кондиционер для волос S.22 нейтрализация желтизны | 101728881307 | Кондиционер для домашнего ухода за волосами после кератинового выпрямления с нейтрализацией желтизны S.22 (200 мл)
88,166090089,Color шампунь 250 мл для окрашенных волос,Домашка,шампунь_Color,Color шампунь 250 мл для окрашенных волос,4657784320266,4657784320266,4657784320266,4657784320266,4657784320266,4657784320266,шампунь_Color,19000233217,шампунь_Color,JKeratin Color шампунь для окрашенных волос после кератина,102148294218,"JKeratin Шампунь Color для ухода за окрашенными волосами, 250 мл",Нет,"166090089 | Color шампунь 250 мл для окрашенных волос | Домашка | шампунь_Color | Color шампунь 250 мл для окрашенных волос | JKeratin Color шампунь для окрашенных волос после кератина | 102148294218 | JKeratin Шампунь Color для ухода за окрашенными волосами, 250 мл"
89,166090091,Color кондиционер 200 мл для окрашенных волос,Домашка,кондиционер_Color,Color кондиционер 200 мл для окрашенных волос,4657784320259,4657784320259,4657784320259,4657784320259,4657784320259,4657784320259,кондиционер_Color,19000233166,кондиционер_Color,JKeratin Color кондиционер для волос после окрашивания,102059258251,"JKeratin Кондиционер Color для ухода за окрашенными волосами, 200 мл",Нет,"166090091 | Color кондиционер 200 мл для окрашенных волос | Домашка | кондиционер_Color | Color кондиционер 200 мл для окрашенных волос | JKeratin Color кондиционер для волос после окрашивания | 102059258251 | JKeratin Кондиционер Color для ухода за окрашенными волосами, 200 мл"
90,170413999,KNOT шампунь 250 мл,Домашка,шампунь_Knot,KNOT шампунь 250 мл,4657784320211,4657784320211,4657784320211,4657784320211,4657784320211,4657784320211,шампунь_Knot,19000233218,шампунь_Knot,JKeratin Шампунь Knot с S+S для легкого расчесывания волос,103196480503,Knot Шампунь для лёгкого расчёсывания волос с комплексом S+S,Нет,170413999 | KNOT шампунь 250 мл | Домашка | шампунь_Knot | KNOT шампунь 250 мл | JKeratin Шампунь Knot с S+S для легкого расчесывания волос | 103196480503 | Knot Шампунь для лёгкого расчёсывания волос с комплексом S+S
91,170414007,ANTI-FRIZZ кондиционер 200 мл,Домашка,кондиционер_AntiFrizz,ANTI-FRIZZ кондиционер 200 мл,4657784320204,4657784320204,4657784320204,4657784320204,4657784320204,4657784320204,кондиционер_AntiFrizz,19000233165,кондиционер_AntiFrizz,JKeratin Anti-Frizz кондиционер разглаживание волос с S+S,103197623438,"JKeratin Anti-Frizz кондиционер для разглаживания волос с комплексом S+S, 200 мл",Нет,"170414007 | ANTI-FRIZZ кондиционер 200 мл | Домашка | кондиционер_AntiFrizz | ANTI-FRIZZ кондиционер 200 мл | JKeratin Anti-Frizz кондиционер разглаживание волос с S+S | 103197623438 | JKeratin Anti-Frizz кондиционер для разглаживания волос с комплексом S+S, 200 мл"
92,166089201,DOCTOR Шампунь-скраб 150 мл,Домашка,шампунь-скраб_Doctor,DOCTOR Шампунь-скраб 150 мл,4657784320181,4657784320181,4657784320181,4657784320181,4657784320181,4657784320181,шампунь-скраб_Doctor,19000233222,шампунь-скраб_Doctor,JKeratin Doctor Scrab шампунь-скраб для очищения кожи головы,103196480502,DOCTOR Scrab шампунь-скраб для мягкого и тщательного очищения кожи головы,Нет,166089201 | DOCTOR Шампунь-скраб 150 мл | Домашка | шампунь-скраб_Doctor | DOCTOR Шампунь-скраб 150 мл | JKeratin Doctor Scrab шампунь-скраб для очищения кожи головы | 103196480502 | DOCTOR Scrab шампунь-скраб для мягкого и тщательного очищения кожи головы
93,,DOCTOR Шампунь-скраб 660 мл,Домашка,скраб_Doctor660,DOCTOR Шампунь-скраб 660 мл,4640468910938,4640468910938,4640468910938,4640468910938,4640468910938,4640468910938,скраб_Doctor660,19000233222,скраб_Doctor660,,5715184150,DOCTOR Scrab шампунь скраб для мягкого и тщательного очищения кожи головы,Нет,DOCTOR Шампунь-скраб 660 мл | Домашка | скраб_Doctor660 | DOCTOR Шампунь-скраб 660 мл | 5715184150 | DOCTOR Scrab шампунь скраб для мягкого и тщательного очищения кожи головы
94,188106704,DOCTOR Шампунь METAL DETOX 150 мл,Домашка,Doctor_MetalDetox,DOCTOR Шампунь METAL DETOX 150 мл,4657784320310,4657784320310,4657784320310,,4657784320310,4657784320310,Doctor_MetalDetox,19000276124,Doctor_MetalDetox,JKeratin Шампунь Doctor Metal Detox очищение от металлов,103196480504,"JKeratin шампунь Doctor Metal Detox для очищения волос от накопленных металлов, солей и щелочей, 150 мл",Нет,"188106704 | DOCTOR Шампунь METAL DETOX 150 мл | Домашка | Doctor_MetalDetox | DOCTOR Шампунь METAL DETOX 150 мл | JKeratin Шампунь Doctor Metal Detox очищение от металлов | 103196480504 | JKeratin шампунь Doctor Metal Detox для очищения волос от накопленных металлов, солей и щелочей, 150 мл"
95,166089878,DOCTOR Маска 200 мл,Домашка,маска_Doctor,DOCTOR Маска 200 мл,4657784320228,4657784320228,4657784320228,4657784320228,4657784320228,4657784320228,маска_Doctor,19000233172,маска_Doctor,JKeratin Doctor Nutrition Маска для питания и блеска волос,103197635052,"JKeratin Маска для волос Doctor Nutrition для глубокого питания и блеска волос, 200 мл",Нет,"166089878 | DOCTOR Маска 200 мл | Домашка | маска_Doctor | DOCTOR Маска 200 мл | JKeratin Doctor Nutrition Маска для питания и блеска волос | 103197635052 | JKeratin Маска для волос Doctor Nutrition для глубокого питания и блеска волос, 200 мл"
96,64897905,Масло (100 мл ) - для увлажнения волос и предотвращения секущихся кончиков,Домашка,Oil_100,Масло (100 мл ) - для увлажнения волос и предотвращения секущихся кончиков,4627149058318,4627149058318,4627149058318,4627149058318,4627149058318,4627149058318,Oil_100,19000275840,Oil_100,"JKeratin Масло Oil для увлажнения и питания волос, 100 мл",102208523628,"JKeratin Масло Oil - увлажнение волос и предотвращение появления секущихся кончиков, 100 мл",Нет,"64897905 | Масло (100 мл ) - для увлажнения волос и предотвращения секущихся кончиков | Домашка | Oil_100 | Масло (100 мл ) - для увлажнения волос и предотвращения секущихся кончиков | JKeratin Масло Oil для увлажнения и питания волос, 100 мл | 102208523628 | JKeratin Масло Oil - увлажнение волос и предотвращение появления секущихся кончиков, 100 мл"
97,64297941,масло 2*10 мл,Домашка,Oil_2x10,Масло (10 мл ) - для увлажнения волос и предотвращения секущихся кончиков,4648536625302,4648536625302,4648536625302,4648536625302,4648536625302,4648536625302,Oil_2x10,,Oil_2x10,"JKeratin Масло Oil для увлажнения и питания волос, 2х10 мл",103197635046,"JKeratin Масло Oil - увлажнение волос и предотвращение появления секущихся кончиков, набор 2х10 мл",Нет,"64297941 | масло 2*10 мл | Домашка | Oil_2x10 | Масло (10 мл ) - для увлажнения волос и предотвращения секущихся кончиков | JKeratin Масло Oil для увлажнения и питания волос, 2х10 мл | 103197635046 | JKeratin Масло Oil - увлажнение волос и предотвращение появления секущихся кончиков, набор 2х10 мл"
98,,масло 12*10 мл,Домашка,Oil_12x10,масло 12*10 мл,4657784320167,4657784320167,4657784320167,,4657784320167,4657784320167,Oil_12x10,,Oil_12x10,"JKeratin Масло Oil для увлажнения и питания волос, 12х10 мл",103197635049,"JKeratin Масло Oil - увлажнение волос и предотвращение появления секущихся кончиков, набор 12х10 мл",Нет,"масло 12*10 мл | Домашка | Oil_12x10 | масло 12*10 мл | JKeratin Масло Oil для увлажнения и питания волос, 12х10 мл | 103197635049 | JKeratin Масло Oil - увлажнение волос и предотвращение появления секущихся кончиков, набор 12х10 мл"
99,99680409,Термоспрей (100 мл) - от неблагоприятных факторов внешней среды,Домашка,TermoSpray,Термоспрей (100 мл) - от неблагоприятных факторов внешней среды,4627149058325,4627149058325,4627149058325,4627149058325,4627149058325,4627149058325,TermoSpray,19000233216,TermoSpray,JKeratin Термозащита Thermo Spray для волос 100мл,103197802898,"Термозащита Thermo Spray - защита волос от неблагоприятных факторов внешней среды и высоких температур, 100 мл",Нет,"99680409 | Термоспрей (100 мл) - от неблагоприятных факторов внешней среды | Домашка | TermoSpray | Термоспрей (100 мл) - от неблагоприятных факторов внешней среды | JKeratin Термозащита Thermo Spray для волос 100мл | 103197802898 | Термозащита Thermo Spray - защита волос от неблагоприятных факторов внешней среды и высоких температур, 100 мл"
100,271713205,"Маска Total Miracle 10 in 1, 50 мл",Домашка,TotalMiracle50,Total Miracle Маска-концентрат 50 мл,4657784320693,4657784320693,4657784320693,4657784320693,4657784320693,4657784320693,TotalMiracle50,99000027783,TotalMiracle50,"JKeratin Total Miracle маска для гладкости волос, 50 мл",103584757743,"JKeratin Total Miracle 10 в 1 маска универсальная для волос, 50 мл",Нет,"271713205 | Маска Total Miracle 10 in 1, 50 мл | Домашка | TotalMiracle50 | Total Miracle Маска-концентрат 50 мл | JKeratin Total Miracle маска для гладкости волос, 50 мл | 103584757743 | JKeratin Total Miracle 10 в 1 маска универсальная для волос, 50 мл"
101,271713206,"Маска Total Miracle 10 in 1, 200 мл",Домашка,TotalMiracle200,Total Miracle Маска-концентрат 200 мл,4657784320648,4657784320648,4657784320648,4657784320648,4657784320648,4657784320648,TotalMiracle200,99000027781,TotalMiracle200,"JKeratin Total Miracle маска для гладкости волос, 200 мл",103584748404,"JKeratin Total Miracle 10 в 1 маска универсальная для волос, 200 мл",Нет,"271713206 | Маска Total Miracle 10 in 1, 200 мл | Домашка | TotalMiracle200 | Total Miracle Маска-концентрат 200 мл | JKeratin Total Miracle маска для гладкости волос, 200 мл | 103584748404 | JKeratin Total Miracle 10 в 1 маска универсальная для волос, 200 мл"
102,,"Маска Total Miracle 10 in 1, 700 мл",Домашка,TotalMiracle_700,Total Miracle Маска-концентрат 700 мл,4640468910679,4640468910679,4640468910679,4640468910679,4640468910679,4640468910679,TotalMiracle_700,,TotalMiracle201,,,,Да,"Маска Total Miracle 10 in 1, 700 мл | Домашка | TotalMiracle_700 | Total Miracle Маска-концентрат 700 мл"
103,230709601,"НАБОР Activator (2*200 мл):Color Treatment, Extra Gloss",Активатор,ColorTreatment_ExtraGloss2x200,НАБОР ActivatorExtra Gloss + Treatment,4657784320624,4657784320624,4657784320624,,4657784320624,4657784320624,ColorTreatment_ExtraGloss2x200,,ColorTreatment_ExtraGloss2x200,JKeratin Активаторы в кератин блеск и сохранения цвета волос,,,Нет,"230709601 | НАБОР Activator (2*200 мл):Color Treatment, Extra Gloss | Активатор | ColorTreatment_ExtraGloss2x200 | НАБОР ActivatorExtra Gloss + Treatment | JKeratin Активаторы в кератин блеск и сохранения цвета волос"
104,29292709,Activator Keratin AID 75 мл,Активатор,KeratinAid75,Activator Keratin AID 75 мл,4620758270928,4620758270928,4620758270928,4620758270928,4620758270928,4620758270928,KeratinAid75,,KeratinAid75,JKeratin Keratin Aid нейтрализует запах и дым от кератина,103201615216,Keratin Aid - капли для нейтрализации запаха и дыма во время проведения кератинового выпрямления волос,Нет,29292709 | Activator Keratin AID 75 мл | Активатор | KeratinAid75 | Activator Keratin AID 75 мл | JKeratin Keratin Aid нейтрализует запах и дым от кератина | 103201615216 | Keratin Aid - капли для нейтрализации запаха и дыма во время проведения кератинового выпрямления волос
105,102137253,"Activator: 2 шт KERATIN AID, 75 мл",Активатор,KeratinAid75x2,НАБОР Activator Keratin AID 2 шт.,2036835324668,2036835324668,2036835324668,,2036835324668,2036835324668,KeratinAid75x2,,KeratinAid75x2,JKeratin Keratin Aid нейтрализует запах и дым от кератина,103196485932,Набор Keratin Aid - для нейтрализации запаха и дыма во время проведения кератинового выпрямления волос 2*75 мл,Нет,"102137253 | Activator: 2 шт KERATIN AID, 75 мл | Активатор | KeratinAid75x2 | НАБОР Activator Keratin AID 2 шт. | JKeratin Keratin Aid нейтрализует запах и дым от кератина | 103196485932 | Набор Keratin Aid - для нейтрализации запаха и дыма во время проведения кератинового выпрямления волос 2*75 мл"
106,177814971,Activator S+S 200 мл,Активатор,ActivatorS-S200,Activator S+S 200 мл,4620758271635,4620758271635,4620758271635,4620758271635,4620758271635,4620758271635,ActivatorS-S200,,ActivatorS-S200,JKeratin Активатор S+S в кератин восстановление защита волос,103197635048,JKeratin Активатор S+S для восстановления дисульфидных связей,Нет,177814971 | Activator S+S 200 мл | Активатор | ActivatorS-S200 | Activator S+S 200 мл | JKeratin Активатор S+S в кератин восстановление защита волос | 103197635048 | JKeratin Активатор S+S для восстановления дисульфидных связей
107,183885509,Activator Treatment 200 мл,Активатор,ActivatorTreatment200,Activator Treatment 200 мл,4620758270942,4620758270942,4620758270942,,4620758270942,4620758270942,ActivatorTreatment200,,ActivatorTreatment200,JKeratin Активатор Color Treatment добавка в краситель,103197635051,Activator Color Treatment— профессиональная универсальная добавка в осветляющие продукты и красители.,Нет,183885509 | Activator Treatment 200 мл | Активатор | ActivatorTreatment200 | Activator Treatment 200 мл | JKeratin Активатор Color Treatment добавка в краситель | 103197635051 | Activator Color Treatment— профессиональная универсальная добавка в осветляющие продукты и красители.
108,29292729,Activator Extra Gloss 200 мл,Активатор,ActivatorExtraGloss200,Activator Extra Gloss 200 мл,4620758271505,4620758271505,4620758271505,4620758271505,4620758271505,4620758271505,ActivatorExtraGloss200,,ActivatorExtraGloss200,JKeratin Extra Gloss добавка активатор в кератин для блеска,103196485934,"Activator Extra Gloss - средство для термозащиты и блеска волос, 200 мл.",Нет,"29292729 | Activator Extra Gloss 200 мл | Активатор | ActivatorExtraGloss200 | Activator Extra Gloss 200 мл | JKeratin Extra Gloss добавка активатор в кератин для блеска | 103196485934 | Activator Extra Gloss - средство для термозащиты и блеска волос, 200 мл."
109,158866652,Activator Collagen 200 мл,Активатор,ActivatorCollagen200,Activator Collagen 200 мл,4657784320242,4657784320242,4657784320242,4657784320242,4657784320242,4657784320242,ActivatorCollagen200,,ActivatorCollagen200,JKeratin Активатор Collagen в кератин для мягкости волос,103197635044,"Активатор Hydrolized Collagen профессиональная добавка для мягкости и увлажнения волос, 200 мл",Нет,"158866652 | Activator Collagen 200 мл | Активатор | ActivatorCollagen200 | Activator Collagen 200 мл | JKeratin Активатор Collagen в кератин для мягкости волос | 103197635044 | Активатор Hydrolized Collagen профессиональная добавка для мягкости и увлажнения волос, 200 мл"
110,250236203,Activator Collagen 50 мл,Активатор,ActivatorCollagen50,Activator Collagen 50 мл,4657784320662,4657784320662,4657784320662,4657784320662,4657784320662,4657784320662,ActivatorCollagen50,,ActivatorCollagen50,JKeratin Активатор Collagen в кератин для мягкости волос,103299433844,Активатор Hydrolized Collagen для мягкости увлажнения волос 50 мл,Нет,250236203 | Activator Collagen 50 мл | Активатор | ActivatorCollagen50 | Activator Collagen 50 мл | JKeratin Активатор Collagen в кератин для мягкости волос | 103299433844 | Активатор Hydrolized Collagen для мягкости увлажнения волос 50 мл
111,192539011,"НАБОР Activator (4*200 мл): S+S, Treatment, Extra Gloss, Collagen",Активатор,S-S_Gloss_Treatment_Collagen_4x200,НАБОР Activator Collagen+Extra Glos+S+S+ Treatment,2039078856750,2039078856750,2039078856750,,,,S-S_Gloss_Treatment_Collagen_4x200,,S-S_Gloss_Treatment_Collagen_4x200,JKeratin Активаторы в кератин блеск и восстановление волос,,,Нет,"192539011 | НАБОР Activator (4*200 мл): S+S, Treatment, Extra Gloss, Collagen | Активатор | S-S_Gloss_Treatment_Collagen_4x200 | НАБОР Activator Collagen+Extra Glos+S+S+ Treatment | JKeratin Активаторы в кератин блеск и восстановление волос"
112,,САШЕ - Activator Collagen 15 мл 2 шт,Активатор,саше2_ActivatorCollagen,САШЕ - Activator Collagen 15 мл,4657784320495,4657784320495,4657784320495,,4657784320495,4657784320495,саше2_ActivatorCollagen,,саше2_ActivatorCollagen,JKeratin Активатор Collagen в кератин для мягкости волос,103037253965,Активатор Hydrolyzed Collagen для мягкости и увлажнения волос 2x15 мл,Нет,САШЕ - Activator Collagen 15 мл 2 шт | Активатор | саше2_ActivatorCollagen | САШЕ - Activator Collagen 15 мл | JKeratin Активатор Collagen в кератин для мягкости волос | 103037253965 | Активатор Hydrolyzed Collagen для мягкости и увлажнения волос 2x15 мл
113,,САШЕ - Activator S+S 20 мл 2 шт,Активатор,саше2_ActivatorS-S,САШЕ - Activator S+S 20 мл,4657784320471,4657784320471,4657784320471,,4657784320471,4657784320471,саше2_ActivatorS-S,,саше2_ActivatorS-S,JKeratin Активатор S+S в кератин восстановление защита волос,103037186320,"Активатор S+S профессиональная добавка для восстановления дисульфидных связей, 2 x 20мл",Нет,"САШЕ - Activator S+S 20 мл 2 шт | Активатор | саше2_ActivatorS-S | САШЕ - Activator S+S 20 мл | JKeratin Активатор S+S в кератин восстановление защита волос | 103037186320 | Активатор S+S профессиональная добавка для восстановления дисульфидных связей, 2 x 20мл"
114,,САШЕ - Activator Treatment 20 мл 2 шт,Активатор,саше2_ActivatorTreatment,САШЕ - Activator Treatment 20 мл,4657784320464,4657784320464,4657784320464,,4657784320464,4657784320464,саше2_ActivatorTreatment,,саше2_ActivatorTreatment,JKeratin Активатор Color Treatment добавка в краситель,103037186319,"Активатор Color Treatment профессиональная добавка в осветляющие продукты и красители, саше 2x20 мл",Нет,"САШЕ - Activator Treatment 20 мл 2 шт | Активатор | саше2_ActivatorTreatment | САШЕ - Activator Treatment 20 мл | JKeratin Активатор Color Treatment добавка в краситель | 103037186319 | Активатор Color Treatment профессиональная добавка в осветляющие продукты и красители, саше 2x20 мл"
115,155724326,"Бигуди-коклюшки #1: d=6мм, L=91 мм, 12 шт х 2",Акссы,Бигуди_белые_24,,,,,,,,Бигуди_белые_24,,Бигуди_белые_24,JKeratin Бигуди-коклюшки 6x91 мм 24 шт белые,101988911608,"Бигуди-коклюшки белые для химической завивки диаметр 6 мм, длина 91 мм, 24 шт",Нет,"155724326 | Бигуди-коклюшки #1: d=6мм, L=91 мм, 12 шт х 2 | Акссы | Бигуди_белые_24 | JKeratin Бигуди-коклюшки 6x91 мм 24 шт белые | 101988911608 | Бигуди-коклюшки белые для химической завивки диаметр 6 мм, длина 91 мм, 24 шт"
116,155724324,"Бигуди-коклюшки #1: d=6мм, L=91 мм, 12 шт",Акссы,Бигуди_белые_12,,,,,,,,Бигуди_белые_12,,Бигуди_белые_12,JKeratin Бигуди-коклюшки 6x91 мм 12 шт белые,101988911607,"Бигуди-коклюшки белые для химической завивки диаметр 6 мм, длина 91 мм, 12 шт",Нет,"155724324 | Бигуди-коклюшки #1: d=6мм, L=91 мм, 12 шт | Акссы | Бигуди_белые_12 | JKeratin Бигуди-коклюшки 6x91 мм 12 шт белые | 101988911607 | Бигуди-коклюшки белые для химической завивки диаметр 6 мм, длина 91 мм, 12 шт"
117,155724328,"Бигуди-коклюшки #2: d=7мм, L=91 мм, 12 шт х 2",Акссы,Бигуди_розовые_24,,,,,,,,Бигуди_розовые_24,,Бигуди_розовые_24,JKeratin Бигуди-коклюшки 7x91 мм 24 шт розовые,101985394662,"Бигуди-коклюшки розовые для химической завивки диаметр 7 мм, длина 91 мм, 24 шт",Нет,"155724328 | Бигуди-коклюшки #2: d=7мм, L=91 мм, 12 шт х 2 | Акссы | Бигуди_розовые_24 | JKeratin Бигуди-коклюшки 7x91 мм 24 шт розовые | 101985394662 | Бигуди-коклюшки розовые для химической завивки диаметр 7 мм, длина 91 мм, 24 шт"
118,155724327,"Бигуди-коклюшки #2: d=7мм, L=91 мм, 12 шт",Акссы,Бигуди_розовые_12,,,,,,,,Бигуди_розовые_12,,Бигуди_розовые_12,JKeratin Бигуди-коклюшки 7x91 мм 12 шт розовые,101985555454,"Бигуди-коклюшки розовые для химической завивки диаметр 7 мм, длина 91 мм, 12 шт",Нет,"155724327 | Бигуди-коклюшки #2: d=7мм, L=91 мм, 12 шт | Акссы | Бигуди_розовые_12 | JKeratin Бигуди-коклюшки 7x91 мм 12 шт розовые | 101985555454 | Бигуди-коклюшки розовые для химической завивки диаметр 7 мм, длина 91 мм, 12 шт"
119,163250433,"Бигуди-коклюшки #3: d=8, L=91 мм,12 шт х 2",Акссы,Бигуди_желтые_24,,,,,,,,Бигуди_желтые_24,,Бигуди_желтые_24,JKeratin Бигуди-коклюшки 8x91 мм 24 шт желтые,,,Нет,"163250433 | Бигуди-коклюшки #3: d=8, L=91 мм,12 шт х 2 | Акссы | Бигуди_желтые_24 | JKeratin Бигуди-коклюшки 8x91 мм 24 шт желтые"
120,155724329,"Бигуди-коклюшки #3: d=8, L=91 мм,12 шт",Акссы,Бигуди_желтые_12,,,,,,,,Бигуди_желтые_12,,Бигуди_желтые_12,JKeratin Бигуди-коклюшки 8x91 мм 12 шт желтые,,,Нет,"155724329 | Бигуди-коклюшки #3: d=8, L=91 мм,12 шт | Акссы | Бигуди_желтые_12 | JKeratin Бигуди-коклюшки 8x91 мм 12 шт желтые"
121,163252814,"Бигуди-коклюшки #4: d=11, L=91 мм,12 шт х 2",Акссы,Бигуди_голубые_24,,,,,,,,Бигуди_голубые_24,,Бигуди_голубые_24,JKeratin Бигуди-коклюшки 11x91 мм 24 шт голубые,,,Нет,"163252814 | Бигуди-коклюшки #4: d=11, L=91 мм,12 шт х 2 | Акссы | Бигуди_голубые_24 | JKeratin Бигуди-коклюшки 11x91 мм 24 шт голубые"
122,155724322,"Бигуди-коклюшки #4: d=11, L=91 мм,12 шт",Акссы,Бигуди_голубые_12,,,,,,,,Бигуди_голубые_12,,Бигуди_голубые_12,JKeratin Бигуди-коклюшки 11x91 мм 12 шт голубые,,,Нет,"155724322 | Бигуди-коклюшки #4: d=11, L=91 мм,12 шт | Акссы | Бигуди_голубые_12 | JKeratin Бигуди-коклюшки 11x91 мм 12 шт голубые"
123,163252626,"Бигуди-коклюшки #5: d=9, L=91 мм,12 шт х 2",Акссы,Бигуди_красные_24,,,,,,,,Бигуди_красные_24,,Бигуди_красные_24,JKeratin Бигуди-коклюшки 9x91 мм 24 шт красные,,,Нет,"163252626 | Бигуди-коклюшки #5: d=9, L=91 мм,12 шт х 2 | Акссы | Бигуди_красные_24 | JKeratin Бигуди-коклюшки 9x91 мм 24 шт красные"
124,155724330,"Бигуди-коклюшки #5: d=9, L=91 мм,12 шт",Акссы,Бигуди_красные_12,,,,,,,,Бигуди_красные_12,,Бигуди_красные_12,JKeratin Бигуди-коклюшки 9x91 мм 12 шт красные,,,Нет,"155724330 | Бигуди-коклюшки #5: d=9, L=91 мм,12 шт | Акссы | Бигуди_красные_12 | JKeratin Бигуди-коклюшки 9x91 мм 12 шт красные"
125,163252938,"Бигуди-коклюшки #6: d=17мм, L=91 мм, 12 шт х 2",Акссы,Бигуди_чёрные_24,,,,,,,,Бигуди_чёрные_24,,Бигуди_чёрные_24,JKeratin Бигуди-коклюшки 17x91 мм 24 шт черные,,,Нет,"163252938 | Бигуди-коклюшки #6: d=17мм, L=91 мм, 12 шт х 2 | Акссы | Бигуди_чёрные_24 | JKeratin Бигуди-коклюшки 17x91 мм 24 шт черные"
126,155724323,"Бигуди-коклюшки #6: d=17мм, L=91 мм, 12 шт",Акссы,Бигуди_чёрные_12,,,,,,,,Бигуди_чёрные_12,,Бигуди_чёрные_12,JKeratin Бигуди-коклюшки 17x91 мм 12 шт черные,101986316064,"Бигуди-коклюшки черные для химической завивки диаметр 17 мм, длина 91 мм, 12 шт",Нет,"155724323 | Бигуди-коклюшки #6: d=17мм, L=91 мм, 12 шт | Акссы | Бигуди_чёрные_12 | JKeratin Бигуди-коклюшки 17x91 мм 12 шт черные | 101986316064 | Бигуди-коклюшки черные для химической завивки диаметр 17 мм, длина 91 мм, 12 шт"
127,,Зажимная расческа JKERATIN,Акссы,,,,,,,,,,,,,,,Да,Зажимная расческа JKERATIN | Акссы
128,,Зажим JKERATIN «аллигатор» (набор из 4-х шт),Акссы,,,,,,,,,,,,,,,Да,Зажим JKERATIN «аллигатор» (набор из 4-х шт) | Акссы
129,,Защитные силиконовые накладки на уши JKERATIN,Акссы,,,,,,,,,,,,,,,Да,Защитные силиконовые накладки на уши JKERATIN | Акссы
130,,2 шт Защитные силиконовые накладки на уши,Акссы,,,,,,,,,,,,,,,Да,2 шт Защитные силиконовые накладки на уши | Акссы
131,,Коврик JKERATIN силиконовый (ЗЕЛЕН),Акссы,Коврик_зелёный,,,,,,,,Коврик_зелёный,,Коврик_зелёный,,102179527380,Парикмахерский термо-коврик зеленый / коврик силиконовый для салона красоты / коврик для горячих инструментов,Нет,Коврик JKERATIN силиконовый (ЗЕЛЕН) | Акссы | Коврик_зелёный | 102179527380 | Парикмахерский термо-коврик зеленый / коврик силиконовый для салона красоты / коврик для горячих инструментов
132,,Коврик JKERATIN силиконовый (ФИОЛЕТ.),Акссы,Коврик_розовый,,,,,,,,Коврик_розовый,,Коврик_розовый,,,,Да,Коврик JKERATIN силиконовый (ФИОЛЕТ.) | Акссы | Коврик_розовый
133,157055954,Пеньюар парикмахерский рабочий JKERATIN,Акссы,Пеньюар,,,,,,,,Пеньюар,,Пеньюар,,102173459463,JKeratin парикмахерский пеньюар с водоотталкивающей пропиткой,Нет,157055954 | Пеньюар парикмахерский рабочий JKERATIN | Акссы | Пеньюар | 102173459463 | JKeratin парикмахерский пеньюар с водоотталкивающей пропиткой
134,,2шт Расчёски Карбон (белые) с хвостиком и гребень,Акссы,,,,,,,,,,,,,,,Да,2шт Расчёски Карбон (белые) с хвостиком и гребень | Акссы
135,161499403,Фартук парикмахерский серый JKeratin,Акссы,Фартук,,,,,,,,Фартук,,Фартук,Парикмахерский рабочий фартук,102187681396,"Парикмахерский фартук JKeratin с водоотталкивающей пропиткой, кармашками и застёжкой на талии",Нет,"161499403 | Фартук парикмахерский серый JKeratin | Акссы | Фартук | Парикмахерский рабочий фартук | 102187681396 | Парикмахерский фартук JKeratin с водоотталкивающей пропиткой, кармашками и застёжкой на талии"
136,29292774,Щетка массажная инновационная квадратная - зеленая,Акссы,Расческа_зелёная,,,,,,,,Расческа_зелёная,,Расческа_зелёная,Массажная расческа для укладки волос зеленая,,,Нет,29292774 | Щетка массажная инновационная квадратная - зеленая | Акссы | Расческа_зелёная | Массажная расческа для укладки волос зеленая
137,29292737,Щетка массажная инновационная квадратная - розовая,Акссы,Расческа_розовая,Щетка массажная инновационная квадратная - розовая,2002970053039,4657784320143,2002970053039,,2002970053039,2002970053039,Расческа_розовая,,Расческа_розовая,Массажная расческа для укладки волос розовая,,,Нет,29292737 | Щетка массажная инновационная квадратная - розовая | Акссы | Расческа_розовая | Щетка массажная инновационная квадратная - розовая | Массажная расческа для укладки волос розовая
138,29292732,2 шт продувная (квадратная) розовая+зеленая,Акссы,Расческа2_розовая_зелёная,,,,,,,,Расческа2_розовая_зелёная,,Расческа2_розовая_зелёная,Массажная расческа для укладки волос 2шт.,102210322544,Набор из 2 продувных расчёсок JKeratin (зеленая и розовая) для профессионального ухода за волосами,Нет,29292732 | 2 шт продувная (квадратная) розовая+зеленая | Акссы | Расческа2_розовая_зелёная | Массажная расческа для укладки волос 2шт. | 102210322544 | Набор из 2 продувных расчёсок JKeratin (зеленая и розовая) для профессионального ухода за волосами
139,,Щетка массажная (круглая) розовая/фиолетовая,Акссы,,,,,,,,,,,,,,,Да,Щетка массажная (круглая) розовая/фиолетовая | Акссы
140,,2 шт продувная квадратная зелёная,Акссы,Расческа_зелёная_2шт,,,,,,,,Расческа_зелёная_2шт,,Расческа_зелёная_2шт,,102235407453,Набор из 2 зелёных продувных расчёсок JKeratin для профессионального ухода за волосами,Нет,2 шт продувная квадратная зелёная | Акссы | Расческа_зелёная_2шт | 102235407453 | Набор из 2 зелёных продувных расчёсок JKeratin для профессионального ухода за волосами
141,,2 шт продувная квадратная розовая,Акссы,Расческа_розовая_2шт,,,,,,,,Расческа_розовая_2шт,,Расческа_розовая_2шт,,102235407452,Набор из 2 розовых продувных расчёсок JKeratin для профессионального ухода за волосами,Нет,2 шт продувная квадратная розовая | Акссы | Расческа_розовая_2шт | 102235407452 | Набор из 2 розовых продувных расчёсок JKeratin для профессионального ухода за волосами
142,211317797,Must Have pH 4.0 Шампунь-стабилизатор 500 мл,Проф уход,MustHave500,Must Have pH 4.0 Шампунь-стабилизатор 500 мл,4657784320709,4657784320709,4657784320709,4657784320709,4657784320709,4657784320709,MustHave500,,MustHave500,"Шампунь Must Have после кератина, окрашивания 500 мл",103719069570,"Шампунь-стабилизатор Must Have для завершения кератинового выпрямления, окрашивания 500 мл",Нет,"211317797 | Must Have pH 4.0 Шампунь-стабилизатор 500 мл | Проф уход | MustHave500 | Must Have pH 4.0 Шампунь-стабилизатор 500 мл | Шампунь Must Have после кератина, окрашивания 500 мл | 103719069570 | Шампунь-стабилизатор Must Have для завершения кератинового выпрямления, окрашивания 500 мл"
143,768345402,Wow Spray Профессиональное средство для завершения процедур 200 мл.,Проф уход,WowSpray200,Wow Spray 200 мл,4640468910815,4640468910815,4640468910815,4640468910815,4640468910815,4640468910815,WowSpray200,,WowSpray200,JKeratin Wow Spray профессиональный кератиновый финиш спрей,5056054499,Wow Spray профессиональный кератиновый финиш - спрей 200 мл.,Нет,768345402 | Wow Spray Профессиональное средство для завершения процедур 200 мл. | Проф уход | WowSpray200 | Wow Spray 200 мл | JKeratin Wow Spray профессиональный кератиновый финиш спрей | 5056054499 | Wow Spray профессиональный кератиновый финиш - спрей 200 мл.
